{
  "token_acc": 0.9997165842,
  "token_p": 0.9974281853,
  "token_r": 0.9975586363,
  "token_f": 0.9974934066,
  "pos_acc": 0.9581243184,
  "morph_acc": 0.9498527648,
  "morph_micro_p": 0.9588741568,
  "morph_micro_r": 0.9384419251,
  "morph_micro_f": 0.9485480234,
  "morph_per_feat": {
    "Person": {
      "p": 0.991202346,
      "r": 0.9694072658,
      "f": 0.9801836636
    },
    "Poss": {
      "p": 0.9923076923,
      "r": 0.9885057471,
      "f": 0.990403071
    },
    "PronType": {
      "p": 0.9914310197,
      "r": 0.961762261,
      "f": 0.976371308
    },
    "Gender": {
      "p": 0.9029177719,
      "r": 0.8659374205,
      "f": 0.8840410336
    },
    "Number": {
      "p": 0.9755422243,
      "r": 0.949259093,
      "f": 0.9622212107
    },
    "Tense": {
      "p": 0.9620958751,
      "r": 0.9488730071,
      "f": 0.9554386936
    },
    "VerbForm": {
      "p": 0.9396676301,
      "r": 0.9359481828,
      "f": 0.9378042185
    },
    "Degree": {
      "p": 0.9345930233,
      "r": 0.9238505747,
      "f": 0.9291907514
    },
    "Definite": {
      "p": 0.995584989,
      "r": 0.9925176056,
      "f": 0.994048931
    },
    "Case": {
      "p": 0.9960159363,
      "r": 0.9960159363,
      "f": 0.9960159363
    },
    "Reflex": {
      "p": 1.0,
      "r": 1.0,
      "f": 1.0
    },
    "Abbr": {
      "p": 0.9,
      "r": 0.5,
      "f": 0.6428571429
    }
  },
  "tag_acc": 0.9392161567,
  "sents_p": 0.8339006127,
  "sents_r": 0.8787661406,
  "sents_f": 0.8557457213,
  "dep_uas": 0.8546007605,
  "dep_las": 0.8062660009,
  "dep_las_per_type": {
    "det": {
      "p": 0.8796718323,
      "r": 0.9516765286,
      "f": 0.9142586452
    },
    "nsubj": {
      "p": 0.7457627119,
      "r": 0.7857142857,
      "f": 0.7652173913
    },
    "root": {
      "p": 0.7325428195,
      "r": 0.8298507463,
      "f": 0.77816655
    },
    "case": {
      "p": 0.8851174935,
      "r": 0.9373271889,
      "f": 0.9104744852
    },
    "obl": {
      "p": 0.7081339713,
      "r": 0.7036450079,
      "f": 0.7058823529
    },
    "nmod": {
      "p": 0.6162420382,
      "r": 0.6753926702,
      "f": 0.6444629475
    },
    "advmod": {
      "p": 0.6918604651,
      "r": 0.7212121212,
      "f": 0.706231454
    },
    "obj": {
      "p": 0.717472119,
      "r": 0.7121771218,
      "f": 0.7148148148
    },
    "mark": {
      "p": 0.8205128205,
      "r": 0.7933884298,
      "f": 0.8067226891
    },
    "advcl": {
      "p": 0.52,
      "r": 0.4297520661,
      "f": 0.4705882353
    },
    "amod": {
      "p": 0.8108581436,
      "r": 0.8448905109,
      "f": 0.8275245755
    },
    "acl:relcl": {
      "p": 0.6329113924,
      "r": 0.6097560976,
      "f": 0.6211180124
    },
    "cop": {
      "p": 0.7094594595,
      "r": 0.5769230769,
      "f": 0.6363636364
    },
    "cc": {
      "p": 0.798013245,
      "r": 0.8281786942,
      "f": 0.8128161889
    },
    "conj": {
      "p": 0.54784689,
      "r": 0.5066371681,
      "f": 0.5264367816
    },
    "fixed": {
      "p": 0.7045454545,
      "r": 0.2520325203,
      "f": 0.371257485
    },
    "flat": {
      "p": 0.7467889908,
      "r": 0.6933560477,
      "f": 0.7190812721
    },
    "csubj": {
      "p": 0.75,
      "r": 0.5,
      "f": 0.6
    },
    "aux": {
      "p": 0.7647058824,
      "r": 0.7572815534,
      "f": 0.7609756098
    },
    "compound:prt": {
      "p": 0.7727272727,
      "r": 0.6623376623,
      "f": 0.7132867133
    },
    "nummod": {
      "p": 0.5641025641,
      "r": 0.602739726,
      "f": 0.582781457
    },
    "acl": {
      "p": 0.4375,
      "r": 0.3559322034,
      "f": 0.3925233645
    },
    "expl": {
      "p": 0.4,
      "r": 0.3333333333,
      "f": 0.3636363636
    },
    "appos": {
      "p": 0.6092715232,
      "r": 0.5317919075,
      "f": 0.5679012346
    },
    "dep": {
      "p": 0.0,
      "r": 0.0,
      "f": 0.0
    },
    "nsubj:pass": {
      "p": 0.7882352941,
      "r": 0.7790697674,
      "f": 0.783625731
    },
    "aux:pass": {
      "p": 0.8252427184,
      "r": 0.8673469388,
      "f": 0.8457711443
    },
    "ccomp": {
      "p": 0.5882352941,
      "r": 0.5882352941,
      "f": 0.5882352941
    },
    "xcomp": {
      "p": 0.36,
      "r": 0.6164383562,
      "f": 0.4545454545
    },
    "parataxis": {
      "p": 0.350877193,
      "r": 0.2684563758,
      "f": 0.3041825095
    },
    "expl:pv": {
      "p": 0.8095238095,
      "r": 0.8947368421,
      "f": 0.85
    },
    "iobj": {
      "p": 0.3636363636,
      "r": 0.4,
      "f": 0.380952381
    },
    "nmod:poss": {
      "p": 0.8940397351,
      "r": 0.8823529412,
      "f": 0.8881578947
    },
    "obl:agent": {
      "p": 0.6875,
      "r": 0.7857142857,
      "f": 0.7333333333
    },
    "orphan": {
      "p": 0.0,
      "r": 0.0,
      "f": 0.0
    }
  },
  "lemma_acc": 0.8133109449,
  "ents_p": 0.7446964155,
  "ents_r": 0.704011065,
  "ents_f": 0.7237824387,
  "ents_per_type": {
    "DATE": {
      "p": 0.9317406143,
      "r": 0.8863636364,
      "f": 0.9084858569
    },
    "NORP": {
      "p": 0.693877551,
      "r": 0.8192771084,
      "f": 0.7513812155
    },
    "ORG": {
      "p": 0.762295082,
      "r": 0.550295858,
      "f": 0.6391752577
    },
    "CARDINAL": {
      "p": 0.858974359,
      "r": 0.9571428571,
      "f": 0.9054054054
    },
    "GPE": {
      "p": 0.6722689076,
      "r": 0.8791208791,
      "f": 0.7619047619
    },
    "MONEY": {
      "p": 0.0,
      "r": 0.0,
      "f": 0.0
    },
    "PERCENT": {
      "p": 0.6666666667,
      "r": 1.0,
      "f": 0.8
    },
    "PERSON": {
      "p": 0.7281879195,
      "r": 0.7022653722,
      "f": 0.7149917628
    },
    "WORK_OF_ART": {
      "p": 0.6146788991,
      "r": 0.3722222222,
      "f": 0.4636678201
    },
    "LAW": {
      "p": 1.0,
      "r": 1.0,
      "f": 1.0
    },
    "PRODUCT": {
      "p": 0.0,
      "r": 0.0,
      "f": 0.0
    },
    "ORDINAL": {
      "p": 0.90625,
      "r": 0.8787878788,
      "f": 0.8923076923
    },
    "LANGUAGE": {
      "p": 0.4375,
      "r": 0.6363636364,
      "f": 0.5185185185
    },
    "QUANTITY": {
      "p": 0.9166666667,
      "r": 0.9166666667,
      "f": 0.9166666667
    },
    "LOC": {
      "p": 0.6428571429,
      "r": 0.2647058824,
      "f": 0.375
    },
    "FAC": {
      "p": 0.0625,
      "r": 0.0714285714,
      "f": 0.0666666667
    },
    "EVENT": {
      "p": 0.3157894737,
      "r": 0.2608695652,
      "f": 0.2857142857
    },
    "TIME": {
      "p": 0.5,
      "r": 1.0,
      "f": 0.6666666667
    }
  },
  "speed": 3273.3086753398
}