{
  "token_acc": 1.0,
  "token_p": 0.997946327,
  "token_r": 0.998972108,
  "token_f": 0.998458954,
  "tag_acc": 0.9359233926,
  "pos_acc": 0.9265490357,
  "morph_acc": 0.8659884039,
  "morph_micro_p": 0.920203454,
  "morph_micro_r": 0.9040347697,
  "morph_micro_f": 0.9120474583,
  "morph_per_feat": {
    "Case": {
      "p": 0.9325760734,
      "r": 0.9286084881,
      "f": 0.9305880518
    },
    "Number": {
      "p": 0.9459504826,
      "r": 0.9424701062,
      "f": 0.9442070872
    },
    "Abbr": {
      "p": 0.9811320755,
      "r": 0.6117647059,
      "f": 0.7536231884
    },
    "Derivation": {
      "p": 0.7230883445,
      "r": 0.6721877157,
      "f": 0.6967095851
    },
    "Mood": {
      "p": 0.9336099585,
      "r": 0.9327498848,
      "f": 0.9331797235
    },
    "Person": {
      "p": 0.9155420113,
      "r": 0.9135534318,
      "f": 0.9145466406
    },
    "Tense": {
      "p": 0.9137587238,
      "r": 0.9257575758,
      "f": 0.9197190166
    },
    "VerbForm": {
      "p": 0.9126514511,
      "r": 0.8964849156,
      "f": 0.9044959509
    },
    "Voice": {
      "p": 0.9195639364,
      "r": 0.905162413,
      "f": 0.9123063432
    },
    "Degree": {
      "p": 0.8683010262,
      "r": 0.8131340096,
      "f": 0.8398125172
    },
    "PartForm": {
      "p": 0.8343195266,
      "r": 0.7757909216,
      "f": 0.8039914469
    },
    "Number[psor]": {
      "p": 0.9107142857,
      "r": 0.7611940299,
      "f": 0.8292682927
    },
    "Person[psor]": {
      "p": 0.8595317726,
      "r": 0.7301136364,
      "f": 0.7895545315
    },
    "AdpType": {
      "p": 0.9318181818,
      "r": 0.8913043478,
      "f": 0.9111111111
    },
    "NumType": {
      "p": 0.9487179487,
      "r": 0.9098360656,
      "f": 0.9288702929
    },
    "PronType": {
      "p": 0.9726468222,
      "r": 0.9602859412,
      "f": 0.9664268585
    },
    "Typo": {
      "p": 0.6,
      "r": 0.1395348837,
      "f": 0.2264150943
    },
    "Clitic": {
      "p": 0.9171974522,
      "r": 0.7461139896,
      "f": 0.8228571429
    },
    "Style": {
      "p": 0.75,
      "r": 0.5921052632,
      "f": 0.6617647059
    },
    "InfForm": {
      "p": 0.8008385744,
      "r": 0.7860082305,
      "f": 0.7933541018
    },
    "Polarity": {
      "p": 0.9912280702,
      "r": 0.9826086957,
      "f": 0.9868995633
    },
    "Connegative": {
      "p": 0.9325153374,
      "r": 0.8636363636,
      "f": 0.8967551622
    },
    "Foreign": {
      "p": 0.8823529412,
      "r": 0.3125,
      "f": 0.4615384615
    },
    "Reflex": {
      "p": 0.9375,
      "r": 0.7142857143,
      "f": 0.8108108108
    }
  },
  "sents_p": 0.9073097212,
  "sents_r": 0.8826979472,
  "sents_f": 0.894834634,
  "dep_uas": 0.7905819296,
  "dep_las": 0.7217651935,
  "dep_las_per_type": {
    "root": {
      "p": 0.8607975922,
      "r": 0.8387096774,
      "f": 0.8496101003
    },
    "flat:name": {
      "p": 0.8,
      "r": 0.7884615385,
      "f": 0.794188862
    },
    "nmod:poss": {
      "p": 0.7041198502,
      "r": 0.7966101695,
      "f": 0.7475149105
    },
    "nsubj": {
      "p": 0.8091528724,
      "r": 0.8067961165,
      "f": 0.8079727759
    },
    "acl": {
      "p": 0.6972789116,
      "r": 0.5823863636,
      "f": 0.6346749226
    },
    "obl": {
      "p": 0.6707035755,
      "r": 0.6922619048,
      "f": 0.6813122437
    },
    "amod": {
      "p": 0.7699386503,
      "r": 0.7901364113,
      "f": 0.779906784
    },
    "obj": {
      "p": 0.6763875823,
      "r": 0.6926782274,
      "f": 0.6844359829
    },
    "cc": {
      "p": 0.8141112619,
      "r": 0.8075370121,
      "f": 0.8108108108
    },
    "conj": {
      "p": 0.6127110228,
      "r": 0.6283095723,
      "f": 0.6204122675
    },
    "advmod": {
      "p": 0.7066246057,
      "r": 0.7196787149,
      "f": 0.713091922
    },
    "case": {
      "p": 0.8786764706,
      "r": 0.8597122302,
      "f": 0.8690909091
    },
    "nummod": {
      "p": 0.8604651163,
      "r": 0.8839590444,
      "f": 0.8720538721
    },
    "acl:relcl": {
      "p": 0.7291666667,
      "r": 0.7142857143,
      "f": 0.7216494845
    },
    "cop": {
      "p": 0.7659137577,
      "r": 0.7596741344,
      "f": 0.7627811861
    },
    "mark": {
      "p": 0.8425,
      "r": 0.8467336683,
      "f": 0.8446115288
    },
    "advcl": {
      "p": 0.5422077922,
      "r": 0.5352564103,
      "f": 0.5387096774
    },
    "cop:own": {
      "p": 0.56,
      "r": 0.5,
      "f": 0.5283018868
    },
    "nsubj:cop": {
      "p": 0.6913043478,
      "r": 0.6898047722,
      "f": 0.6905537459
    },
    "nmod": {
      "p": 0.3533333333,
      "r": 0.3680555556,
      "f": 0.3605442177
    },
    "xcomp": {
      "p": 0.6531531532,
      "r": 0.668202765,
      "f": 0.6605922551
    },
    "compound:nn": {
      "p": 0.6930693069,
      "r": 0.5833333333,
      "f": 0.6334841629
    },
    "aux": {
      "p": 0.8532818533,
      "r": 0.86328125,
      "f": 0.8582524272
    },
    "parataxis": {
      "p": 0.435483871,
      "r": 0.3802816901,
      "f": 0.4060150376
    },
    "det": {
      "p": 0.8407079646,
      "r": 0.8096590909,
      "f": 0.8248914616
    },
    "ccomp": {
      "p": 0.6307692308,
      "r": 0.6243654822,
      "f": 0.6275510204
    },
    "discourse": {
      "p": 0.6956521739,
      "r": 0.4705882353,
      "f": 0.5614035088
    },
    "orphan": {
      "p": 0.0555555556,
      "r": 0.0322580645,
      "f": 0.0408163265
    },
    "fixed": {
      "p": 0.6046511628,
      "r": 0.6842105263,
      "f": 0.6419753086
    },
    "csubj:cop": {
      "p": 0.75,
      "r": 0.6666666667,
      "f": 0.7058823529
    },
    "nmod:gobj": {
      "p": 0.6363636364,
      "r": 0.4873417722,
      "f": 0.5519713262
    },
    "dep": {
      "p": 0.0,
      "r": 0.0,
      "f": 0.0
    },
    "appos": {
      "p": 0.3979591837,
      "r": 0.2910447761,
      "f": 0.3362068966
    },
    "aux:pass": {
      "p": 0.921875,
      "r": 0.8428571429,
      "f": 0.8805970149
    },
    "xcomp:ds": {
      "p": 0.5789473684,
      "r": 0.511627907,
      "f": 0.5432098765
    },
    "flat:foreign": {
      "p": 1.0,
      "r": 0.4736842105,
      "f": 0.6428571429
    },
    "csubj": {
      "p": 0.3333333333,
      "r": 0.1428571429,
      "f": 0.2
    },
    "cc:preconj": {
      "p": 0.3333333333,
      "r": 0.1818181818,
      "f": 0.2352941176
    },
    "vocative": {
      "p": 0.7142857143,
      "r": 0.2941176471,
      "f": 0.4166666667
    },
    "goeswith": {
      "p": 0.0,
      "r": 0.0,
      "f": 0.0
    },
    "nmod:gsubj": {
      "p": 0.5,
      "r": 0.3571428571,
      "f": 0.4166666667
    },
    "compound": {
      "p": 1.0,
      "r": 0.75,
      "f": 0.8571428571
    },
    "compound:prt": {
      "p": 0.6428571429,
      "r": 0.9,
      "f": 0.75
    },
    "flat": {
      "p": 0.875,
      "r": 0.6712328767,
      "f": 0.7596899225
    }
  },
  "lemma_acc": 0.8308773459,
  "ents_p": 0.7768402677,
  "ents_r": 0.7309061046,
  "ents_f": 0.7531734838,
  "ents_per_type": {
    "LOC": {
      "p": 0.4444444444,
      "r": 0.3703703704,
      "f": 0.404040404
    },
    "DATE": {
      "p": 0.8641975309,
      "r": 0.8495145631,
      "f": 0.8567931457
    },
    "ORG": {
      "p": 0.7151029748,
      "r": 0.7217090069,
      "f": 0.7183908046
    },
    "GPE": {
      "p": 0.7596899225,
      "r": 0.7824351297,
      "f": 0.7708947886
    },
    "CARDINAL": {
      "p": 0.9318181818,
      "r": 0.9339407745,
      "f": 0.9328782708
    },
    "PERSON": {
      "p": 0.7263922518,
      "r": 0.6147540984,
      "f": 0.6659267481
    },
    "WORK_OF_ART": {
      "p": 0.5625,
      "r": 0.1607142857,
      "f": 0.25
    },
    "TIME": {
      "p": 0.8571428571,
      "r": 0.5142857143,
      "f": 0.6428571429
    },
    "PRODUCT": {
      "p": 0.611814346,
      "r": 0.5894308943,
      "f": 0.6004140787
    },
    "ORDINAL": {
      "p": 0.8130841121,
      "r": 0.8130841121,
      "f": 0.8130841121
    },