{
  "lang":"sr",
  "name":"pipeline",
  "version":"0.0.0",
  "spacy_version":">=3.0.6,<3.1.0",
  "description":"",
  "author":"",
  "email":"",
  "url":"",
  "license":"",
  "spacy_git_version":"df3444421",
  "vectors":{
    "width":0,
    "vectors":0,
    "keys":0,
    "name":null
  },
  "labels":{
    "tok2vec":[

    ],
    "ner":[
      "DEMO",
      "EVENT",
      "LOC",
      "ORG",
      "PERS",
      "ROLE",
      "WORK"
    ]
  },
  "pipeline":[
    "tok2vec",
    "ner"
  ],
  "components":[
    "tok2vec",
    "ner"
  ],
  "disabled":[

  ],
  "performance":{
    "ents_per_type":{
      "PERS":{
        "p":0.9494007989,
        "r":0.9375410914,
        "f":0.9434336752
      },
      "ROLE":{
        "p":0.9450741064,
        "r":0.9178662151,
        "f":0.9312714777
      },
      "LOC":{
        "p":0.843902439,
        "r":0.8564356436,
        "f":0.8501228501
      },
      "EVENT":{
        "p":0.4,
        "r":0.3076923077,
        "f":0.347826087
      },
      "DEMO":{
        "p":0.8950617284,
        "r":0.7837837838,
        "f":0.8357348703
      },
      "ORG":{
        "p":0.8846153846,
        "r":0.4107142857,
        "f":0.5609756098
      },
      "WORK":{
        "p":0.6363636364,
        "r":0.56,
        "f":0.5957446809
      }
    },
    "ents_f":0.9170529008,
    "ents_p":0.9333116461,
    "ents_r":0.9013509268,
    "tok2vec_loss":0.0,
    "ner_loss":545.6904850658
  }
}