{
  "token_acc": 0.9999808396,
  "token_p": 0.9989078786,
  "token_r": 0.9995398685,
  "token_f": 0.9992237736,
  "pos_acc": 0.9812514378,
  "morph_acc": 0.9763999923,
  "morph_micro_p": 0.9923975134,
  "morph_micro_r": 0.9848892224,
  "morph_micro_f": 0.9886291124,
  "morph_per_feat": {
    "Definite": {
      "p": 0.9978620296,
      "r": 0.9987161198,
      "f": 0.9982888921
    },
    "Gender": {
      "p": 0.9920975508,
      "r": 0.9849327168,
      "f": 0.988502151
    },
    "Number": {
      "p": 0.9977494082,
      "r": 0.989265928,
      "f": 0.9934895582
    },
    "PronType": {
      "p": 0.9974033468,
      "r": 0.9905444126,
      "f": 0.9939620472
    },
    "PunctType": {
      "p": 0.9995216074,
      "r": 0.9992029332,
      "f": 0.9993622449
    },
    "VerbForm": {
      "p": 0.9874194056,
      "r": 0.98109375,
      "f": 0.9842464143
    },
    "Mood": {
      "p": 0.9696056267,
      "r": 0.9594829729,
      "f": 0.9645177411
    },
    "Person": {
      "p": 0.9906558533,
      "r": 0.9780678851,
      "f": 0.9843216256
    },
    "Tense": {
      "p": 0.977543538,
      "r": 0.9721969006,
      "f": 0.9748628885
    },
    "NumForm": {
      "p": 0.9834983498,
      "r": 0.9659643436,
      "f": 0.9746524939
    },
    "NumType": {
      "p": 0.9801724138,
      "r": 0.9562657696,
      "f": 0.9680715198
    },
    "Poss": {
      "p": 1.0,
      "r": 0.9981718464,
      "f": 0.9990850869
    },
    "PunctSide": {
      "p": 1.0,
      "r": 0.998,
      "f": 0.998998999
    },
    "Case": {
      "p": 0.9371681416,
      "r": 0.9160899654,
      "f": 0.9265091864
    },
    "PrepCase": {
      "p": 0.9989361702,
      "r": 0.9720496894,
      "f": 0.9853095488
    },
    "Reflex": {
      "p": 0.9935379645,
      "r": 0.9887459807,
      "f": 0.9911361805
    },
    "Degree": {
      "p": 0.9926199262,
      "r": 0.9572953737,
      "f": 0.9746376812
    },
    "Polarity": {
      "p": 1.0,
      "r": 0.9902597403,
      "f": 0.9951060359
    },
    "AdvType": {
      "p": 0.9613259669,
      "r": 0.9255319149,
      "f": 0.9430894309
    },
    "Number[psor]": {
      "p": 1.0,
      "r": 0.9714285714,
      "f": 0.9855072464
    },
    "Foreign": {
      "p": 1.0,
      "r": 1.0,
      "f": 1.0
    }
  },
  "sents_p": 0.966342992,
  "sents_r": 0.9831155542,
  "sents_f": 0.97465712,
  "dep_uas": 0.9035259763,
  "dep_las": 0.8678957462,
  "dep_las_per_type": {
    "det": {
      "p": 0.9732092499,
      "r": 0.9765138653,
      "f": 0.9748587571
    },
    "nsubj": {
      "p": 0.8701061105,
      "r": 0.8697878566,
      "f": 0.8699469545
    },
    "case": {
      "p": 0.9593539704,
      "r": 0.9609059046,
      "f": 0.9601293103
    },
    "amod": {
      "p": 0.9033052039,
      "r": 0.8941872607,
      "f": 0.8987231065
    },
    "nmod": {
      "p": 0.8180137348,
      "r": 0.8199629335,
      "f": 0.8189871744
    },
    "mark": {
      "p": 0.8930921053,
      "r": 0.9070155902,
      "f": 0.9
    },
    "acl": {
      "p": 0.7295968535,
      "r": 0.7066666667,
      "f": 0.7179487179
    },
    "advcl": {
      "p": 0.5704387991,
      "r": 0.6091245376,
      "f": 0.5891472868
    },
    "nummod": {
      "p": 0.8743455497,
      "r": 0.8835978836,
      "f": 0.8789473684
    },
    "obj": {
      "p": 0.8015794669,
      "r": 0.810918775,
      "f": 0.8062220751
    },
    "obl": {
      "p": 0.7071366406,
      "r": 0.701337937,
      "f": 0.7042253521
    },
    "fixed": {
      "p": 0.8625525947,
      "r": 0.8277254374,
      "f": 0.8447802198
    },
    "cc": {
      "p": 0.9268461008,
      "r": 0.923024055,
      "f": 0.9249311295
    },
    "conj": {
      "p": 0.7005832793,
      "r": 0.6898532227,
      "f": 0.6951768489
    },
    "root": {
      "p": 0.9062126643,
      "r": 0.9171704958,
      "f": 0.9116586538
    },
    "flat": {
      "p": 0.8852223816,
      "r": 0.9271224643,
      "f": 0.9056880734
    },
    "xcomp": {
      "p": 0.7948717949,
      "r": 0.7616707617,
      "f": 0.7779171895
    },
    "advmod": {
      "p": 0.8422551253,
      "r": 0.8337091319,
      "f": 0.8379603399
    },
    "compound": {
      "p": 0.8509615385,
      "r": 0.7108433735,
      "f": 0.7746170678
    },
    "expl:pv": {
      "p": 0.8237704918,
      "r": 0.7701149425,
      "f": 0.796039604
    },
    "cop": {
      "p": 0.8771551724,
      "r": 0.8733905579,
      "f": 0.8752688172
    },
    "ccomp": {
      "p": 0.8010948905,
      "r": 0.8236397749,
      "f": 0.8122109158
    },
    "iobj": {
      "p": 0.7737226277,
      "r": 0.5273631841,
      "f": 0.6272189349
    },
    "aux": {
      "p": 0.952991453,
      "r": 0.9516358464,
      "f": 0.9523131673
    },
    "appos": {
      "p": 0.6418300654,
      "r": 0.6847977685,
      "f": 0.6626180837
    },
    "expl:pass": {
      "p": 0.6919642857,
      "r": 0.8378378378,
      "f": 0.7579462103
    },
    "csubj": {
      "p": 0.8421052632,
      "r": 0.6736842105,
      "f": 0.7485380117
    },
    "dep": {
      "p": 0.0243902439,
      "r": 0.1111111111,
      "f": 0.04
    },
    "parataxis": {
      "p": 0.5909090909,
      "r": 0.3095238095,
      "f": 0.40625
    },
    "expl:impers": {
      "p": 0.5263157895,
      "r": 0.625,
      "f": 0.5714285714
    },
    "orphan": {
      "p": 0.0,
      "r": 0.0,
      "f": 0.0
    },
    "nsubj:pass": {
      "p": 0.0,
      "r": 0.0,
      "f": 0.0
    },
    "aux:pass": {
      "p": 0.0,
      "r": 0.0,
      "f": 0.0
    },
    "acl:relcl": {
      "p": 0.0,
      "r": 0.0,
      "f": 0.0
    }
  },
  "tag_acc": 0.9578828311,
  "lemma_acc": 0.9624227323,
  "ents_p": 0.8889793592,
  "ents_r": 0.8888346155,
  "ents_f": 0.8889069815,
  "ents_per_type": {
    "LOC": {
      "p": 0.8899063816,
      "r": 0.8995041322,
      "f": 0.8946795175
    },
    "PER": {
      "p": 0.9313084441,
      "r": 0.9443889919,
      "f": 0.9378031081
    },
    "MISC": {
      "p": 0.8235667778,
      "r": 0.7880261358,
      "f": 0.8054045659
    },
    "ORG": {
      "p": 0.8376357057,
      "r": 0.8024035128,
      "f": 0.8196411709
    }
  },
  "speed": 8328.9722060153
}