{
  "token_acc": 0.9990029326,
  "token_p": 0.9967350492,
  "token_r": 0.9957244934,
  "token_f": 0.9959492157,
  "tag_acc": 0.9540563521,
  "sents_p": 0.9679572764,
  "sents_r": 0.9640957447,
  "sents_f": 0.9660226516,
  "dep_uas": 0.8691229961,
  "dep_las": 0.8114296468,
  "dep_las_per_type": {
    "root": {
      "p": 0.8723021583,
      "r": 0.9133709981,
      "f": 0.8923643054
    },
    "mark": {
      "p": 0.9135338346,
      "r": 0.9169811321,
      "f": 0.9152542373
    },
    "case": {
      "p": 0.9534009771,
      "r": 0.951256093,
      "f": 0.9523273273
    },
    "nmod:tmod": {
      "p": 0.6888888889,
      "r": 0.2605042017,
      "f": 0.3780487805
    },
    "amod": {
      "p": 0.88,
      "r": 0.8807495741,
      "f": 0.8803746275
    },
    "nsubj": {
      "p": 0.835,
      "r": 0.7914691943,
      "f": 0.8126520681
    },
    "nmod": {
      "p": 0.7983435362,
      "r": 0.7915030346,
      "f": 0.7949085694
    },
    "aux": {
      "p": 0.9665427509,
      "r": 0.9506398537,
      "f": 0.9585253456
    },
    "advcl": {
      "p": 0.5862068966,
      "r": 0.6390977444,
      "f": 0.6115107914
    },
    "obj": {
      "p": 0.800443459,
      "r": 0.8337182448,
      "f": 0.8167420814
    },
    "det": {
      "p": 0.9417142857,
      "r": 0.933182333,
      "f": 0.9374288965
    },
    "cc": {
      "p": 0.9206680585,
      "r": 0.9206680585,
      "f": 0.9206680585
    },
    "conj": {
      "p": 0.5717948718,
      "r": 0.516801854,
      "f": 0.5429093122
    },
    "nummod": {
      "p": 0.8808777429,
      "r": 0.8726708075,
      "f": 0.8767550702
    },
    "acl": {
      "p": 0.7312138728,
      "r": 0.65374677,
      "f": 0.690313779
    },
    "advmod": {
      "p": 0.774535809,
      "r": 0.7704485488,
      "f": 0.7724867725
    },
    "obl": {
      "p": 0.6485042735,
      "r": 0.7703045685,
      "f": 0.7041763341
    },
    "expl:pass": {
      "p": 0.8367346939,
      "r": 0.7592592593,
      "f": 0.7961165049
    },
    "nsubj:pass": {
      "p": 0.8206896552,
      "r": 0.7256097561,
      "f": 0.7702265372
    },
    "fixed": {
      "p": 0.867803838,
      "r": 0.8604651163,
      "f": 0.864118896
    },
    "appos": {
      "p": 0.4136546185,
      "r": 0.393129771,
      "f": 0.4031311155
    },
    "parataxis": {
      "p": 0.2272727273,
      "r": 0.2857142857,
      "f": 0.253164557
    },
    "aux:pass": {
      "p": 0.9133333333,
      "r": 0.9133333333,
      "f": 0.9133333333
    },
    "nmod:agent": {
      "p": 0.0,
      "r": 0.0,
      "f": 0.0
    },
    "ccomp": {
      "p": 0.8548387097,
      "r": 0.8217054264,
      "f": 0.837944664
    },
    "nmod:pmod": {
      "p": 0.0,
      "r": 0.0,
      "f": 0.0
    },
    "iobj": {
      "p": 0.6842105263,
      "r": 0.6419753086,
      "f": 0.6624203822
    },
    "flat": {
      "p": 0.7493333333,
      "r": 0.7394736842,
      "f": 0.7443708609
    },
    "cop": {
      "p": 0.8034188034,
      "r": 0.7580645161,
      "f": 0.7800829876
    },
    "csubj": {
      "p": 1.0,
      "r": 0.8095238095,
      "f": 0.8947368421
    },
    "dep": {
      "p": 0.0,
      "r": 0.0,
      "f": 0.0
    },
    "obl:agent": {
      "p": 0.0,
      "r": 0.0,
      "f": 0.0
    },
    "xcomp": {
      "p": 0.3658536585,
      "r": 0.5555555556,
      "f": 0.4411764706
    },
    "obl:pmod": {
      "p": 0.0,
      "r": 0.0,
      "f": 0.0
    },
    "expl:pv": {
      "p": 0.7808219178,
      "r": 0.8260869565,
      "f": 0.8028169014
    },
    "expl": {
      "p": 0.696969697,
      "r": 0.8518518519,
      "f": 0.7666666667
    },
    "vocative": {
      "p": 0.0,
      "r": 0.0,
      "f": 0.0
    },
    "expl:poss": {
      "p": 1.0,
      "r": 0.9677419355,
      "f": 0.9836065574
    },
    "goeswith": {
      "p": 0.0,
      "r": 0.0,
      "f": 0.0
    },
    "ccomp:pmod": {
      "p": 0.0909090909,
      "r": 0.3333333333,
      "f": 0.1428571429
    },
    "orphan": {
      "p": 0.0,
      "r": 0.0,
      "f": 0.0
    },
    "expl:impers": {
      "p": 0.0,
      "r": 0.0,
      "f": 0.0
    },
    "compound": {
      "p": 0.75,
      "r": 0.4285714286,
      "f": 0.5454545455
    },
    "list": {
      "p": 0.0,
      "r": 0.0,
      "f": 0.0
    },
    "csubj:pass": {
      "p": 0.0,
      "r": 0.0,
      "f": 0.0
    },
    "cc:preconj": {
      "p": 0.0,
      "r": 0.0,
      "f": 0.0
    }
  },
  "pos_acc": 0.9297553275,
  "morph_acc": 0.9386929369,
  "morph_micro_p": 0.9832628288,
  "morph_micro_r": 0.9507350539,
  "morph_micro_f": 0.9636742939,
  "morph_per_feat": {
    "Case": {
      "p": 0.9877237852,
      "r": 0.9823222689,
      "f": 0.985015622
    },
    "Gender": {
      "p": 0.9819398838,
      "r": 0.9719964996,
      "f": 0.9769428912
    },
    "Number": {
      "p": 0.9836679143,
      "r": 0.9136205625,
      "f": 0.9473511742
    },
    "Person": {
      "p": 0.982373678,
      "r": 0.9852681202,
      "f": 0.9838187702
    },
    "PronType": {
      "p": 0.9937629938,
      "r": 0.991015895,
      "f": 0.9923875433
    },
    "Polarity": {
      "p": 0.9918433931,
      "r": 0.9967213115,
      "f": 0.9942763696
    },
    "AdpType": {
      "p": 0.999660787,
      "r": 0.9972927242,
      "f": 0.9984753515
    },
    "Definite": {
      "p": 0.9843724827,
      "r": 0.9698412698,
      "f": 0.9770528504
    },
    "Degree": {
      "p": 0.9400413508,
      "r": 0.916051041,
      "f": 0.9278911565
    },
    "VerbForm": {
      "p": 0.9644736842,
      "r": 0.9747340426,
      "f": 0.9695767196
    },
    "Abbr": {
      "p": 0.9754901961,
      "r": 0.8883928571,
      "f": 0.9299065421
    },
    "Poss": {
      "p": 1.0,
      "r": 0.9855421687,
      "f": 0.9927184466
    },
    "NumForm": {
      "p": 1.0,
      "r": 0.3223140496,
      "f": 0.4875
    },
    "NumType": {
      "p": 1.0,
      "r": 0.3241758242,
      "f": 0.489626556
    },
    "Reflex": {
      "p": 1.0,
      "r": 0.9935897436,
      "f": 0.9967845659
    },
    "Strength": {
      "p": 0.9919354839,
      "r": 0.9761904762,
      "f": 0.984
    },
    "Mood": {
      "p": 0.9584086799,
      "r": 0.9724770642,
      "f": 0.9653916211
    },
    "Tense": {
      "p": 0.9596541787,
      "r": 0.9680232558,
      "f": 0.9638205499
    },
    "Variant": {
      "p": 0.9865771812,
      "r": 0.9483870968,
      "f": 0.9671052632
    },
    "Position": {
      "p": 0.9910714286,
      "r": 0.9910714286,
      "f": 0.9910714286
    },
    "Number[psor]": {
      "p": 1.0,
      "r": 0.9,
      "f": 0.9473684211
    },
    "PartType": {
      "p": 0.9722222222,
      "r": 0.9459459459,
      "f": 0.9589041096
    },
    "Foreign": {
      "p": 0.0,
      "r": 0.0,
      "f": 0.0
    }
  },
  "lemma_acc": 0.8183070924,
  "ents_p": 0.7193937038,
  "ents_r": 0.711102574,
  "ents_f": 0.7152241113,
  "ents_per_type": {
    "DATETIME": {
      "p": 0.7883959044,
      "r": 0.8048780488,
      "f": 0.7965517241
    },
    "ORGANIZATION": {
      "p": 0.6325301205,
      "r": 0.6687898089,
      "f": 0.6501547988
    },
    "FACILITY": {
      "p": 0.4862385321,
      "r": 0.4045801527,
      "f": 0.4416666667
    },
    "NUMERIC_VALUE": {
      "p": 0.9227467811,
      "r": 0.9110169492,
      "f": 0.9168443497
    },
    "ORDINAL": {
      "p": 0.7857142857,
      "r": 0.8,
      "f": 0.7927927928
    },
    "EVENT": {
      "p": 0.5294117647,
      "r": 0.4864864865,
      "f": 0.5070422535
    },
    "GPE": {
      "p": 0.7953586498,
      "r": 0.8666666667,
      "f": 0.8294829483
    },
    "PERSON": {
      "p": 0.6728187919,
      "r": 0.6728187919,
      "f": 0.6728187919
    },
    "NAT_REL_POL": {
      "p": 0.8854961832,
      "r": 0.7733333333,
      "f": 0.8256227758
    },
    "MONEY": {
      "p": 0.9230769231,
      "r": 0.8275862069,
      "f": 0.8727272727
    },
    "PRODUCT": {
      "p": 0.427184466,
      "r": 0.3211678832,
      "f": 0.3666666667
    },
    "LOC": {
      "p": 0.4782608696,
      "r": 0.4342105263,