{
  "token_acc": 0.9998702927,
  "token_p": 0.998357254,
  "token_r": 0.9988754325,
  "token_f": 0.9986162761,
  "sents_p": 0.7856025039,
  "sents_r": 0.8136142626,
  "sents_f": 0.7993630573,
  "dep_uas": 0.6779285224,
  "dep_las": 0.5849126326,
  "dep_las_per_type": {
    "root": {
      "p": 0.6265625,
      "r": 0.6499189627,
      "f": 0.6380270485
    },
    "obl": {
      "p": 0.38647343,
      "r": 0.3652968037,
      "f": 0.3755868545
    },
    "nmod": {
      "p": 0.7031908489,
      "r": 0.7023451594,
      "f": 0.7027677497
    },
    "amod": {
      "p": 0.6333830104,
      "r": 0.6429652042,
      "f": 0.6381381381
    },
    "cc": {
      "p": 0.6754563895,
      "r": 0.7130620985,
      "f": 0.69375
    },
    "conj": {
      "p": 0.381127451,
      "r": 0.4690799397,
      "f": 0.4205544287
    },
    "obl:arg": {
      "p": 0.5,
      "r": 0.4887640449,
      "f": 0.4943181818
    },
    "acl": {
      "p": 0.3713355049,
      "r": 0.3713355049,
      "f": 0.3713355049
    },
    "advmod": {
      "p": 0.6447688564,
      "r": 0.6527093596,
      "f": 0.6487148103
    },
    "det": {
      "p": 0.7528735632,
      "r": 0.8238993711,
      "f": 0.7867867868
    },
    "xcomp": {
      "p": 0.7336065574,
      "r": 0.764957265,
      "f": 0.7489539749
    },
    "advcl": {
      "p": 0.3315789474,
      "r": 0.25,
      "f": 0.2850678733
    },
    "parataxis": {
      "p": 0.4230769231,
      "r": 0.375,
      "f": 0.3975903614
    },
    "advmod:emph": {
      "p": 0.6609195402,
      "r": 0.5373831776,
      "f": 0.5927835052
    },
    "nsubj": {
      "p": 0.5846422339,
      "r": 0.5420711974,
      "f": 0.5625524769
    },
    "acl:relcl": {
      "p": 0.5890410959,
      "r": 0.5972222222,
      "f": 0.5931034483
    },
    "case": {
      "p": 0.776119403,
      "r": 0.783919598,
      "f": 0.78
    },
    "csubj": {
      "p": 0.4428571429,
      "r": 0.3875,
      "f": 0.4133333333
    },
    "mark": {
      "p": 0.6525423729,
      "r": 0.6525423729,
      "f": 0.6525423729
    },
    "cop": {
      "p": 0.7426470588,
      "r": 0.7829457364,
      "f": 0.7622641509
    },
    "obj": {
      "p": 0.6424870466,
      "r": 0.6108374384,
      "f": 0.6262626263
    },
    "dep": {
      "p": 0.0,
      "r": 0.0,
      "f": 0.0
    },
    "nsubj:pass": {
      "p": 0.5087719298,
      "r": 0.3411764706,
      "f": 0.4084507042
    },
    "appos": {
      "p": 0.44,
      "r": 0.4230769231,
      "f": 0.431372549
    },
    "ccomp": {
      "p": 0.4939759036,
      "r": 0.4659090909,
      "f": 0.4795321637
    },
    "nummod": {
      "p": 0.671641791,
      "r": 0.652173913,
      "f": 0.6617647059
    },
    "nummod:gov": {
      "p": 0.0,
      "r": 0.0,
      "f": 0.0
    },
    "flat": {
      "p": 0.4,
      "r": 0.1132075472,
      "f": 0.1764705882
    },
    "flat:foreign": {
      "p": 0.0,
      "r": 0.0,
      "f": 0.0
    },
    "csubj:pass": {
      "p": 0.0,
      "r": 0.0,
      "f": 0.0
    },
    "iobj": {
      "p": 0.0,
      "r": 0.0,
      "f": 0.0
    }
  },
  "ents_p": 0.7140229885,
  "ents_r": 0.7768884442,
  "ents_f": 0.7441303306,
  "ents_per_type": {
    "ORG": {
      "p": 0.0,
      "r": 0.0,
      "f": 0.0
    },
    "GPE": {
      "p": 0.0,
      "r": 0.0,
      "f": 0.0
    },
    "PRODUCT": {
      "p": 0.0,
      "r": 0.0,
      "f": 0.0
    },
    "PERSON": {
      "p": 0.0,
      "r": 0.0,
      "f": 0.0
    },
    "LOC": {
      "p": 0.0,
      "r": 0.0,
      "f": 0.0
    },
    "TIME": {
      "p": 0.0,
      "r": 0.0,
      "f": 0.0
    }
  },
  "speed": 8485.0447164937,
  "pos_acc": 0.9067785612,
  "morph_acc": 0.8287407536,
  "morph_micro_p": 0.8695301146,
  "morph_micro_r": 0.858358837,
  "morph_micro_f": 0.8639083631,
  "morph_per_feat": {
    "Case": {
      "p": 0.8880378096,
      "r": 0.8929859063,
      "f": 0.8905049845
    },
    "Gender": {
      "p": 0.8920888272,
      "r": 0.8930184092,
      "f": 0.8925533761
    },
    "Number": {
      "p": 0.8932099733,
      "r": 0.8904173831,
      "f": 0.8918114921
    },
    "Definite": {
      "p": 0.8617647059,
      "r": 0.8542274052,
      "f": 0.8579795022
    },
    "Degree": {
      "p": 0.7665847666,
      "r": 0.7806505421,
      "f": 0.773553719
    },
    "Polarity": {
      "p": 0.8656798246,
      "r": 0.8363347458,
      "f": 0.8507543103
    },
    "Tense": {
      "p": 0.7640791476,
      "r": 0.7366104182,
      "f": 0.7500933881
    },
    "VerbForm": {
      "p": 0.8410087719,
      "r": 0.8125,
      "f": 0.8265086207
    },
    "Voice": {
      "p": 0.7041420118,
      "r": 0.6735849057,
      "f": 0.6885245902
    },
    "PronType": {
      "p": 0.9310344828,
      "r": 0.9356435644,
      "f": 0.9333333333
    },
    "Aspect": {
      "p": 0.7756410256,
      "r": 0.6666666667,
      "f": 0.717037037
    },
    "Hyph": {
      "p": 0.9251336898,
      "r": 0.920212766,
      "f": 0.9226666667
    },
    "Reflex": {
      "p": 0.6941747573,
      "r": 0.5276752768,
      "f": 0.5995807128
    },
    "Mood": {
      "p": 0.85125,
      "r": 0.8145933014,
      "f": 0.8325183374
    },
    "Person": {
      "p": 0.8619631902,
      "r": 0.8413173653,
      "f": 0.8515151515
    },
    "AdpType": {
      "p": 0.9900497512,
      "r": 0.9900497512,
      "f": 0.9900497512
    },
    "Abbr": {
      "p": 0.990521327,
      "r": 0.9126637555,
      "f": 0.95
    },
    "Foreign": {
      "p": 0.2631578947,
      "r": 0.15625,
      "f": 0.1960784314
    },
    "NumForm": {
      "p": 0.9210526316,
      "r": 0.875,
      "f": 0.8974358974
    },
    "NumType": {
      "p": 0.7727272727,
      "r": 0.6071428571,
      "f": 0.68
    }
  },
  "tag_acc": 0.8190509149,
  "lemma_acc": 0.7106344332
}