{
  "token_acc": 0.9984532137,
  "token_p": 0.9728314309,
  "token_r": 0.9833731269,
  "token_f": 0.9780738751,
  "pos_acc": 0.9880287917,
  "morph_acc": 0.9712138547,
  "morph_micro_p": 0.9875577151,
  "morph_micro_r": 0.9804878644,
  "morph_micro_f": 0.9840100912,
  "morph_per_feat": {
    "Animacy": {
      "p": 0.9874082771,
      "r": 0.9778791931,
      "f": 0.9826206333
    },
    "Case": {
      "p": 0.9757818116,
      "r": 0.9690979272,
      "f": 0.9724283843
    },
    "Gender": {
      "p": 0.9872233579,
      "r": 0.9806210961,
      "f": 0.9839111515
    },
    "Number": {
      "p": 0.9950336461,
      "r": 0.9886804535,
      "f": 0.9918468762
    },
    "Degree": {
      "p": 0.9829016075,
      "r": 0.9856262834,
      "f": 0.9842620598
    },
    "Aspect": {
      "p": 0.9817934783,
      "r": 0.9742921348,
      "f": 0.9780284232
    },
    "Mood": {
      "p": 0.9988821264,
      "r": 0.9970245475,
      "f": 0.9979524725
    },
    "Tense": {
      "p": 0.9902620947,
      "r": 0.9818200493,
      "f": 0.9860230027
    },
    "VerbForm": {
      "p": 0.9948369565,
      "r": 0.9872359551,
      "f": 0.9910218813
    },
    "Voice": {
      "p": 0.9895833333,
      "r": 0.9820224719,
      "f": 0.9857884051
    },
    "StyleVariant": {
      "p": 0.9901283317,
      "r": 0.9891518738,
      "f": 0.9896398619
    },
    "Polarity": {
      "p": 1.0,
      "r": 1.0,
      "f": 1.0
    },
    "Person": {
      "p": 0.9997728305,
      "r": 0.9927814121,
      "f": 0.9962648557
    },
    "Foreign": {
      "p": 0.962391514,
      "r": 0.8633217993,
      "f": 0.9101687187
    },
    "Hyph": {
      "p": 0.0,
      "r": 0.0,
      "f": 0.0
    }
  },
  "sents_p": 0.9988584475,
  "sents_r": 0.9988584475,
  "sents_f": 0.9988584475,
  "dep_uas": 0.9606729456,
  "dep_las": 0.9485440192,
  "dep_las_per_type": {
    "case": {
      "p": 0.993491794,
      "r": 0.9896645683,
      "f": 0.9915744881
    },
    "parataxis": {
      "p": 0.8725231176,
      "r": 0.8544631307,
      "f": 0.8633986928
    },
    "nmod": {
      "p": 0.9255190392,
      "r": 0.9232841089,
      "f": 0.9244002232
    },
    "advmod": {
      "p": 0.9607642443,
      "r": 0.9516728625,
      "f": 0.956196944
    },
    "obl": {
      "p": 0.9379791895,
      "r": 0.9271890648,
      "f": 0.9325529164
    },
    "amod": {
      "p": 0.988641204,
      "r": 0.9845871041,
      "f": 0.9866099894
    },
    "nsubj": {
      "p": 0.9706866337,
      "r": 0.9621032686,
      "f": 0.9663758921
    },
    "root": {
      "p": 0.9891428571,
      "r": 0.9880136986,
      "f": 0.9885779555
    },
    "xcomp": {
      "p": 0.9432412248,
      "r": 0.9597264438,
      "f": 0.9514124294
    },
    "conj": {
      "p": 0.8889262874,
      "r": 0.9063143445,
      "f": 0.8975361088
    },
    "cc": {
      "p": 0.9733146067,
      "r": 0.972404116,
      "f": 0.9728591483
    },
    "fixed": {
      "p": 0.9910600255,
      "r": 0.9872773537,
      "f": 0.9891650733
    },
    "mark": {
      "p": 0.9650032404,
      "r": 0.9719321149,
      "f": 0.9684552846
    },
    "ccomp": {
      "p": 0.975,
      "r": 0.9790794979,
      "f": 0.9770354906
    },
    "nummod:gov": {
      "p": 0.9703389831,
      "r": 0.9541666667,
      "f": 0.9621848739
    },
    "nummod": {
      "p": 0.9679376083,
      "r": 0.9482173175,
      "f": 0.9579759863
    },
    "obj": {
      "p": 0.971042471,
      "r": 0.9620218579,
      "f": 0.9665111172
    },
    "det": {
      "p": 0.9739507959,
      "r": 0.9725433526,
      "f": 0.9732465654
    },
    "appos": {
      "p": 0.8819379116,
      "r": 0.8054123711,
      "f": 0.8419398294
    },
    "aux": {
      "p": 0.9528301887,
      "r": 0.9619047619,
      "f": 0.9573459716
    },
    "flat": {
      "p": 0.9952941176,
      "r": 0.9635535308,
      "f": 0.9791666667
    },
    "flat:name": {
      "p": 0.9728601253,
      "r": 0.9628099174,
      "f": 0.9678089304
    },
    "iobj": {
      "p": 0.9049586777,
      "r": 0.8253768844,
      "f": 0.8633377135
    },
    "acl": {
      "p": 0.9120734908,
      "r": 0.8676654182,
      "f": 0.8893154191
    },
    "obl:agent": {
      "p": 0.7532467532,
      "r": 0.7631578947,
      "f": 0.7581699346
    },
    "advcl": {
      "p": 0.8819444444,
      "r": 0.8698630137,
      "f": 0.875862069
    },
    "cop": {
      "p": 0.8951048951,
      "r": 0.8888888889,
      "f": 0.8919860627
    },
    "flat:foreign": {
      "p": 0.968,
      "r": 0.825,
      "f": 0.890797546
    },
    "discourse": {
      "p": 0.8219178082,
      "r": 0.9230769231,
      "f": 0.8695652174
    },
    "aux:pass": {
      "p": 0.9827089337,
      "r": 0.9770773639,
      "f": 0.9798850575
    },
    "nsubj:pass": {
      "p": 0.9557522124,
      "r": 0.9459854015,
      "f": 0.9508437271
    },
    "acl:relcl": {
      "p": 0.8091286307,
      "r": 0.8008213552,
      "f": 0.8049535604
    },
    "orphan": {
      "p": 0.7941176471,
      "r": 0.75,
      "f": 0.7714285714
    },
    "csubj": {
      "p": 0.9352517986,
      "r": 0.9154929577,
      "f": 0.9252669039
    },
    "expl": {
      "p": 0.8235294118,
      "r": 0.7368421053,
      "f": 0.7777777778
    },
    "compound": {
      "p": 0.75,
      "r": 0.3,
      "f": 0.4285714286
    },
    "csubj:pass": {
      "p": 0.9,
      "r": 0.8181818182,
      "f": 0.8571428571
    },
    "nummod:entity": {
      "p": 1.0,
      "r": 0.75,
      "f": 0.8571428571
    },
    "list": {
      "p": 0.0,
      "r": 0.0,
      "f": 0.0
    }
  },
  "tag_acc": 0.9880287917,
  "lemma_acc": 2.15267e-05,
  "ents_p": 0.9504270641,
  "ents_r": 0.9552263929,
  "ents_f": 0.952820685,
  "ents_per_type": {
    "PER": {
      "p": 0.9652271453,
      "r": 0.9663110612,
      "f": 0.9657687991
    },
    "LOC": {
      "p": 0.9781990521,
      "r": 0.9749645725,
      "f": 0.9765791341
    },
    "ORG": {
      "p": 0.9095283927,
      "r": 0.9251101322,
      "f": 0.9172530939
    }
  },
  "speed": 3812.082171112
}