{
  "token_acc": 0.9999324225,
  "token_p": 0.9998648542,
  "token_r": 0.9997297449,
  "token_f": 0.999797295,
  "pos_acc": 0.9815075513,
  "morph_acc": 0.9468877051,
  "morph_micro_p": 0.9758643617,
  "morph_micro_r": 0.9679921846,
  "morph_micro_f": 0.9719123329,
  "morph_per_feat": {
    "Case": {
      "p": 0.9654464919,
      "r": 0.9608037708,
      "f": 0.9631195363
    },
    "Gender": {
      "p": 0.9719661573,
      "r": 0.9680056342,
      "f": 0.969981853
    },
    "Number": {
      "p": 0.9879544993,
      "r": 0.9828436325,
      "f": 0.9853924389
    },
    "PronType": {
      "p": 0.9878769511,
      "r": 0.9769219242,
      "f": 0.9823688969
    },
    "Animacy": {
      "p": 0.9720247799,
      "r": 0.9634800595,
      "f": 0.9677335584
    },
    "Abbr": {
      "p": 0.9661229611,
      "r": 0.9413202934,
      "f": 0.9535603715
    },
    "Uninflect": {
      "p": 0.9728209934,
      "r": 0.918313182,
      "f": 0.9447815534
    },
    "Aspect": {
      "p": 0.9678760393,
      "r": 0.9584580838,
      "f": 0.9631440391
    },
    "Mood": {
      "p": 0.994034776,
      "r": 0.9911414832,
      "f": 0.9925860212
    },
    "Tense": {
      "p": 0.9840466926,
      "r": 0.9818817135,
      "f": 0.9829630109
    },
    "VerbForm": {
      "p": 0.9900793651,
      "r": 0.9804453593,
      "f": 0.9852388116
    },
    "Person": {
      "p": 0.994520093,
      "r": 0.9884469384,
      "f": 0.9914742157
    },
    "PunctType": {
      "p": 0.9992581602,
      "r": 1.0,
      "f": 0.9996289425
    },
    "Polarity": {
      "p": 0.9989539749,
      "r": 0.9947916667,
      "f": 0.996868476
    },
    "PartType": {
      "p": 1.0,
      "r": 0.9871794872,
      "f": 0.9935483871
    },
    "NameType": {
      "p": 0.8801843318,
      "r": 0.870700373,
      "f": 0.8754166667
    },
    "Degree": {
      "p": 0.9525718103,
      "r": 0.9350819672,
      "f": 0.9437458637
    },
    "Poss": {
      "p": 0.9837398374,
      "r": 0.9810810811,
      "f": 0.9824086604
    },
    "Foreign": {
      "p": 0.9551166966,
      "r": 0.6829268293,
      "f": 0.7964071856
    },
    "Voice": {
      "p": 0.9343434343,
      "r": 0.8466819222,
      "f": 0.8883553421
    },
    "NumType": {
      "p": 0.9745454545,
      "r": 0.9721886336,
      "f": 0.9733656174
    },
    "Reflex": {
      "p": 0.9976359338,
      "r": 0.9952830189,
      "f": 0.9964580874
    },
    "Variant": {
      "p": 0.9130434783,
      "r": 0.488372093,
      "f": 0.6363636364
    },
    "Hyph": {
      "p": 0.9417475728,
      "r": 0.97,
      "f": 0.9556650246
    },
    "Animacy[gram]": {
      "p": 0.5882352941,
      "r": 0.4166666667,
      "f": 0.487804878
    },
    "Orth": {
      "p": 0.8888888889,
      "r": 0.6153846154,
      "f": 0.7272727273
    }
  },
  "sents_p": 0.9416440481,
  "sents_r": 0.9056498229,
  "sents_f": 0.9232962646,
  "dep_uas": 0.9334821857,
  "dep_las": 0.9114009013,
  "dep_las_per_type": {
    "nsubj": {
      "p": 0.9262388302,
      "r": 0.9361247947,
      "f": 0.9311555737
    },
    "case": {
      "p": 0.9873686564,
      "r": 0.9875894454,
      "f": 0.9874790386
    },
    "nmod": {
      "p": 0.8918526207,
      "r": 0.9082549413,
      "f": 0.8999790532
    },
    "obl": {
      "p": 0.9027167724,
      "r": 0.889547932,
      "f": 0.8960839725
    },
    "root": {
      "p": 0.9505622334,
      "r": 0.9142271117,
      "f": 0.9320406805
    },
    "mark": {
      "p": 0.9250985545,
      "r": 0.9443326626,
      "f": 0.9346166611
    },
    "ccomp": {
      "p": 0.8933764136,
      "r": 0.8862179487,
      "f": 0.8897827836
    },
    "amod": {
      "p": 0.9739994157,
      "r": 0.9749963445,
      "f": 0.9744976251
    },
    "obj": {
      "p": 0.9358736059,
      "r": 0.921950103,
      "f": 0.9288596795
    },
    "cc": {
      "p": 0.9409124907,
      "r": 0.9487179487,
      "f": 0.9447990988
    },
    "advmod": {
      "p": 0.917860554,
      "r": 0.9289511841,
      "f": 0.9233725679
    },
    "conj": {
      "p": 0.8118313405,
      "r": 0.8159392789,
      "f": 0.8138801262
    },
    "advcl": {
      "p": 0.727647868,
      "r": 0.7524893314,
      "f": 0.7398601399
    },
    "discourse": {
      "p": 0.8325872874,
      "r": 0.7969151671,
      "f": 0.8143607706
    },
    "xcomp": {
      "p": 0.956300813,
      "r": 0.9741200828,
      "f": 0.9651282051
    },
    "cop": {
      "p": 0.9160997732,
      "r": 0.9078651685,
      "f": 0.9119638826
    },
    "det": {
      "p": 0.953722334,
      "r": 0.96,
      "f": 0.9568508706
    },
    "csubj": {
      "p": 0.8830083565,
      "r": 0.8498659517,
      "f": 0.8661202186
    },
    "appos": {
      "p": 0.6337522442,
      "r": 0.5749185668,
      "f": 0.6029035013
    },
    "compound": {
      "p": 0.890625,
      "r": 0.890625,
      "f": 0.890625
    },
    "flat:title": {
      "p": 0.8040983607,
      "r": 0.8120860927,
      "f": 0.8080724876
    },
    "flat:name": {
      "p": 0.9344262295,
      "r": 0.9451530612,
      "f": 0.9397590361
    },
    "nummod:gov": {
      "p": 0.8638838475,
      "r": 0.9444444444,
      "f": 0.9023696682
    },
    "parataxis": {
      "p": 0.6552680222,
      "r": 0.6910331384,
      "f": 0.6726755218
    },
    "acl:relcl": {
      "p": 0.7941176471,
      "r": 0.8201701094,
      "f": 0.8069336521
    },
    "dep": {
      "p": 0.6097560976,
      "r": 0.243902439,
      "f": 0.3484320557
    },
    "parataxis:discourse": {
      "p": 0.8562091503,
      "r": 0.8424437299,
      "f": 0.8492706645
    },
    "aux": {
      "p": 0.9349112426,
      "r": 0.9404761905,
      "f": 0.9376854599
    },
    "nummod": {
      "p": 0.8814531549,
      "r": 0.861682243,
      "f": 0.8714555766
    },
    "acl": {
      "p": 0.8871473354,
      "r": 0.8680981595,
      "f": 0.8775193798
    },
    "iobj": {
      "p": 0.7954545455,
      "r": 0.725388601,
      "f": 0.7588075881
    },
    "expl": {
      "p": 0.7735849057,
      "r": 0.7592592593,
      "f": 0.7663551402
    },
    "orphan": {
      "p": 0.5620915033,
      "r": 0.5375,
      "f": 0.5495207668
    },
    "xcomp:sp": {
      "p": 0.846743295,
      "r": 0.8308270677,
      "f": 0.8387096774
    },
    "fixed": {
      "p": 0.7719298246,
      "r": 0.8198757764,
      "f": 0.7951807229
    },
    "flat:range": {
      "p": 0.8039215686,
      "r": 0.780952381,
      "f": 0.7922705314
    },
    "flat:foreign": {
      "p": 0.7421383648,
      "r": 0.8368794326,
      "f": 0.7866666667
    },
    "det:numgov": {
      "p": 0.8970588235,
      "r": 0.9242424242,
      "f": 0.9104477612
    },
    "flat:sibl": {
      "p": 0.0,
      "r": 0.0,
      "f": 0.0
    },
    "advmod:det": {
      "p": 0.7142857143,
      "r": 0.625,
      "f": 0.6666666667
    },
    "flat:abs": {
      "p": 0.8461538462,
      "r": 0.7857142857,
      "f": 0.8148148148
    },
    "vocative": {
      "p": 0.6666666667,
      "r": 0.25,
      "f": 0.3636363636
    },
    "flat:repeat": {
      "p": 1.0,
      "r": 0.1666666667,
      "f": 0.2857142857
    },
    "advcl:sp": {
      "p": 0.0,
      "r": 0.0,
      "f": 0.0
    },
    "advcl:svc": {
      "p": 1.0,
      "r": 0.3333333333,
      "f": 0.5
    }
  },
  "tag_acc": 0.9815075513,
  "lemma_acc": 0.0,
  "ents_p": 0.8702524698,
  "ents_r": 0.8729354768,
  "ents_f": 0.8715919085,
  "ents_per_type": {
    "ORG": {
      "p": 0.8103448276,
      "r": 0.7954866008,
      "f": 0.8028469751
    },
    "LOC": {
      "p": 0.9045317221,
      "r": 0.8947997609,
      "f": 0.8996394231
    },
    "PER": {
      "p": 0.8879310345,
      "r": 0.9234482759,
      "f": 0.9053414469
    }
  },
  "speed": 3707.7164925366
}