{
  "token_acc": 0.9996405141,
  "token_p": 0.9980235379,
  "token_r": 0.9978442468,
  "token_f": 0.9979338843,
  "pos_acc": 0.9694872601,
  "morph_acc": 0.9687191011,
  "morph_micro_p": 0.9843827713,
  "morph_micro_r": 0.9767074615,
  "morph_micro_f": 0.9805300966,
  "morph_per_feat": {
    "Gender": {
      "p": 0.987497438,
      "r": 0.9836668028,
      "f": 0.9855783983
    },
    "Number": {
      "p": 0.9925686591,
      "r": 0.9865125241,
      "f": 0.9895313255
    },
    "NumType": {
      "p": 0.9773584906,
      "r": 0.9557195572,
      "f": 0.9664179104
    },
    "Definite": {
      "p": 0.9917501473,
      "r": 0.9982206406,
      "f": 0.9949748744
    },
    "PronType": {
      "p": 0.9887687188,
      "r": 0.9830438379,
      "f": 0.9858979676
    },
    "Mood": {
      "p": 0.960591133,
      "r": 0.9363745498,
      "f": 0.9483282675
    },
    "Person": {
      "p": 0.97002997,
      "r": 0.9399806389,
      "f": 0.9547689282
    },
    "Tense": {
      "p": 0.9518486672,
      "r": 0.9421276596,
      "f": 0.9469632164
    },
    "VerbForm": {
      "p": 0.972027972,
      "r": 0.9632709633,
      "f": 0.9676296554
    },
    "Degree": {
      "p": 0.875,
      "r": 0.8235294118,
      "f": 0.8484848485
    },
    "Clitic": {
      "p": 1.0,
      "r": 0.9465240642,
      "f": 0.9725274725
    },
    "Poss": {
      "p": 1.0,
      "r": 1.0,
      "f": 1.0
    },
    "Polarity": {
      "p": 1.0,
      "r": 0.3333333333,
      "f": 0.5
    },
    "Foreign": {
      "p": 1.0,
      "r": 0.8,
      "f": 0.8888888889
    }
  },
  "tag_acc": 0.9652631106,
  "sents_p": 0.9718804921,
  "sents_r": 0.9804964539,
  "sents_f": 0.9761694616,
  "dep_uas": 0.8970414201,
  "dep_las": 0.8574221765,
  "dep_las_per_type": {
    "root": {
      "p": 0.8769771529,
      "r": 0.884751773,
      "f": 0.880847308
    },
    "flat:name": {
      "p": 0.8757763975,
      "r": 0.8924050633,
      "f": 0.8840125392
    },
    "case": {
      "p": 0.9739551787,
      "r": 0.9786975046,
      "f": 0.9763205829
    },
    "nmod": {
      "p": 0.7953394124,
      "r": 0.8026584867,
      "f": 0.7989821883
    },
    "nummod": {
      "p": 0.8913043478,
      "r": 0.8913043478,
      "f": 0.8913043478
    },
    "det": {
      "p": 0.9706959707,
      "r": 0.9742647059,
      "f": 0.9724770642
    },
    "nsubj": {
      "p": 0.8181818182,
      "r": 0.8166023166,
      "f": 0.8173913043
    },
    "aux": {
      "p": 0.9252336449,
      "r": 0.9124423963,
      "f": 0.9187935035
    },
    "advmod": {
      "p": 0.8123569794,
      "r": 0.8142201835,
      "f": 0.8132875143
    },
    "obj": {
      "p": 0.8308823529,
      "r": 0.8475,
      "f": 0.8391089109
    },
    "cc": {
      "p": 0.9028213166,
      "r": 0.8834355828,
      "f": 0.8930232558
    },
    "conj": {
      "p": 0.6709183673,
      "r": 0.7108108108,
      "f": 0.6902887139
    },
    "det:predet": {
      "p": 0.9473684211,
      "r": 1.0,
      "f": 0.972972973
    },
    "amod": {
      "p": 0.9044684129,
      "r": 0.88005997,
      "f": 0.8920972644
    },
    "mark": {
      "p": 0.8821138211,
      "r": 0.8966942149,
      "f": 0.8893442623
    },
    "cop": {
      "p": 0.8257575758,
      "r": 0.8650793651,
      "f": 0.8449612403
    },
    "xcomp": {
      "p": 0.6774193548,
      "r": 0.65625,
      "f": 0.6666666667
    },
    "obl": {
      "p": 0.7908396947,
      "r": 0.7573099415,
      "f": 0.7737117252
    },
    "acl:relcl": {
      "p": 0.7259259259,
      "r": 0.7153284672,
      "f": 0.7205882353
    },
    "acl": {
      "p": 0.6914893617,
      "r": 0.5652173913,
      "f": 0.6220095694
    },
    "ccomp": {
      "p": 0.6909090909,
      "r": 0.6129032258,
      "f": 0.6495726496
    },
    "expl": {
      "p": 0.8875,
      "r": 0.9102564103,
      "f": 0.8987341772
    },
    "nsubj:pass": {
      "p": 0.8955223881,
      "r": 0.7407407407,
      "f": 0.8108108108
    },
    "aux:pass": {
      "p": 0.8414634146,
      "r": 0.8734177215,
      "f": 0.8571428571
    },
    "parataxis": {
      "p": 0.2631578947,
      "r": 0.1612903226,
      "f": 0.2
    },
    "advcl": {
      "p": 0.5350318471,
      "r": 0.5915492958,
      "f": 0.5618729097
    },
    "obl:agent": {
      "p": 0.7380952381,
      "r": 0.7380952381,
      "f": 0.7380952381
    },
    "det:poss": {
      "p": 0.9714285714,
      "r": 1.0,
      "f": 0.9855072464
    },
    "flat": {
      "p": 1.0,
      "r": 1.0,
      "f": 1.0
    },
    "appos": {
      "p": 0.3947368421,
      "r": 0.3846153846,
      "f": 0.3896103896
    },
    "dep": {
      "p": 0.0,
      "r": 0.0,
      "f": 0.0
    },
    "iobj": {
      "p": 0.7619047619,
      "r": 0.8,
      "f": 0.7804878049
    },
    "compound": {
      "p": 0.6296296296,
      "r": 0.6538461538,
      "f": 0.641509434
    },
    "expl:impers": {
      "p": 0.6666666667,
      "r": 0.75,
      "f": 0.7058823529
    },
    "csubj": {
      "p": 0.5454545455,
      "r": 0.4615384615,
      "f": 0.5
    },
    "discourse": {
      "p": 0.0,
      "r": 0.0,
      "f": 0.0
    },
    "fixed": {
      "p": 0.8846153846,
      "r": 0.8214285714,
      "f": 0.8518518519
    },
    "expl:pass": {
      "p": 0.9,
      "r": 0.8181818182,
      "f": 0.8571428571
    },
    "orphan": {
      "p": 0.0,
      "r": 0.0,
      "f": 0.0
    },
    "flat:foreign": {
      "p": 1.0,
      "r": 0.3333333333,
      "f": 0.5
    },
    "vocative": {
      "p": 0.3333333333,
      "r": 0.3333333333,
      "f": 0.3333333333
    }
  },
  "lemma_acc": 0.8640366643,
  "ents_p": 0.8556688921,
  "ents_r": 0.8519161046,
  "ents_f": 0.8537883746,
  "ents_per_type": {
    "LOC": {
      "p": 0.8656947539,
      "r": 0.8978065022,
      "f": 0.8814582652
    },
    "PER": {
      "p": 0.889485747,
      "r": 0.8826581379,
      "f": 0.88605879
    },
    "MISC": {
      "p": 0.7636830965,
      "r": 0.6940093432,
      "f": 0.7271811114
    },
    "ORG": {
      "p": 0.8235586481,
      "r": 0.7490958409,
      "f": 0.7845643939
    }
  },
  "speed": 10840.1050228952
}