{
  "token_acc": 0.9990350152,
  "token_p": 0.997080292,
  "token_r": 0.9953256895,
  "token_f": 0.9962022181,
  "pos_acc": 0.9669012824,
  "morph_acc": 0.9513313956,
  "morph_micro_p": 0.9690522881,
  "morph_micro_r": 0.9601600131,
  "morph_micro_f": 0.9645856571,
  "morph_per_feat": {
    "Definite": {
      "p": 0.974483316,
      "r": 0.9572416922,
      "f": 0.965785559
    },
    "Gender": {
      "p": 0.9391296012,
      "r": 0.9292421512,
      "f": 0.9341597139
    },
    "Number": {
      "p": 0.9700883248,
      "r": 0.9575793098,
      "f": 0.9637932306
    },
    "Mood": {
      "p": 0.9777444361,
      "r": 0.9777444361,
      "f": 0.9777444361
    },
    "Tense": {
      "p": 0.9778894472,
      "r": 0.9801057668,
      "f": 0.9789963527
    },
    "VerbForm": {
      "p": 0.9646924829,
      "r": 0.9662646675,
      "f": 0.9654779352
    },
    "Degree": {
      "p": 0.9648695652,
      "r": 0.952937135,
      "f": 0.9588662288
    },
    "PronType": {
      "p": 0.9874377301,
      "r": 0.9833908542,
      "f": 0.9854101373
    },
    "Poss": {
      "p": 0.9881889764,
      "r": 0.9920948617,
      "f": 0.9901380671
    },
    "Case": {
      "p": 0.9910313901,
      "r": 0.9789590255,
      "f": 0.9849582173
    },
    "Reflex": {
      "p": 1.0,
      "r": 1.0,
      "f": 1.0
    },
    "NumType": {
      "p": 0.9932735426,
      "r": 0.9115226337,
      "f": 0.9506437768
    },
    "Polarity": {
      "p": 1.0,
      "r": 1.0,
      "f": 1.0
    },
    "Person": {
      "p": 0.9862624349,
      "r": 0.9881347888,
      "f": 0.987197724
    },
    "Animacy": {
      "p": 0.9982949702,
      "r": 0.9974446337,
      "f": 0.9978696208
    },
    "Voice": {
      "p": 0.9270072993,
      "r": 0.9202898551,
      "f": 0.9236363636
    },
    "Abbr": {
      "p": 0.9779411765,
      "r": 0.83125,
      "f": 0.8986486486
    }
  },
  "sents_p": 0.9195876289,
  "sents_r": 0.9256953093,
  "sents_f": 0.9226313612,
  "dep_uas": 0.8811000859,
  "dep_las": 0.8465577049,
  "dep_las_per_type": {
    "nmod": {
      "p": 0.761223679,
      "r": 0.7862125564,
      "f": 0.7735163504
    },
    "nsubj": {
      "p": 0.8873548792,
      "r": 0.8714946071,
      "f": 0.8793532338
    },
    "flat:name": {
      "p": 0.8398133748,
      "r": 0.8695652174,
      "f": 0.8544303797
    },
    "root": {
      "p": 0.8997912317,
      "r": 0.8945620589,
      "f": 0.8971690258
    },
    "advmod": {
      "p": 0.8136080498,
      "r": 0.8147792706,
      "f": 0.814193239
    },
    "mark": {
      "p": 0.9204229271,
      "r": 0.9199110122,
      "f": 0.9201668985
    },
    "advcl": {
      "p": 0.6805054152,
      "r": 0.6466552316,
      "f": 0.6631486368
    },
    "obj": {
      "p": 0.8563669282,
      "r": 0.8802729529,
      "f": 0.8681553992
    },
    "case": {
      "p": 0.9347657261,
      "r": 0.9318709677,
      "f": 0.9333161024
    },
    "det": {
      "p": 0.9540302267,
      "r": 0.9588607595,
      "f": 0.9564393939
    },
    "obl": {
      "p": 0.75345732,
      "r": 0.7149321267,
      "f": 0.7336893429
    },
    "aux": {
      "p": 0.9283154122,
      "r": 0.9375565611,
      "f": 0.9329131022
    },
    "acl:relcl": {
      "p": 0.7810383747,
      "r": 0.7792792793,
      "f": 0.7801578354
    },
    "iobj": {
      "p": 0.7567567568,
      "r": 0.6363636364,
      "f": 0.6913580247
    },
    "xcomp": {
      "p": 0.6595744681,
      "r": 0.7029478458,
      "f": 0.6805708013
    },
    "cc": {
      "p": 0.9062015504,
      "r": 0.901310717,
      "f": 0.9037495168
    },
    "conj": {
      "p": 0.7010600707,
      "r": 0.7204066812,
      "f": 0.7106017192
    },
    "amod": {
      "p": 0.9223300971,
      "r": 0.920654149,
      "f": 0.921491361
    },
    "nummod": {
      "p": 0.9186046512,
      "r": 0.9673469388,
      "f": 0.9423459245
    },
    "compound:prt": {
      "p": 0.7927272727,
      "r": 0.7870036101,
      "f": 0.7898550725
    },
    "cop": {
      "p": 0.8635294118,
      "r": 0.8748510131,
      "f": 0.8691533452
    },
    "appos": {
      "p": 0.2923076923,
      "r": 0.19,
      "f": 0.2303030303
    },
    "ccomp": {
      "p": 0.7813620072,
      "r": 0.8582677165,
      "f": 0.818011257
    },
    "acl": {
      "p": 0.6441441441,
      "r": 0.5766129032,
      "f": 0.6085106383
    },
    "expl": {
      "p": 0.7032418953,
      "r": 0.7621621622,
      "f": 0.7315175097
    },
    "csubj": {
      "p": 0.7711864407,
      "r": 0.6642335766,
      "f": 0.7137254902
    },
    "nsubj:pass": {
      "p": 0.8434343434,
      "r": 0.7731481481,
      "f": 0.806763285
    },
    "aux:pass": {
      "p": 0.9130434783,
      "r": 0.875,
      "f": 0.8936170213
    },
    "acl:cleft": {
      "p": 0.3636363636,
      "r": 0.2962962963,
      "f": 0.3265306122
    },
    "orphan": {
      "p": 0.0,
      "r": 0.0,
      "f": 0.0
    },
    "dep": {
      "p": 0.0,
      "r": 0.0,
      "f": 0.0
    },
    "parataxis": {
      "p": 0.8066666667,
      "r": 0.6436170213,
      "f": 0.7159763314
    },
    "reparandum": {
      "p": 0.0,
      "r": 0.0,
      "f": 0.0
    },
    "compound": {
      "p": 0.7692307692,
      "r": 0.243902439,
      "f": 0.3703703704
    },
    "flat:foreign": {
      "p": 0.5333333333,
      "r": 0.2580645161,
      "f": 0.347826087
    },
    "discourse": {
      "p": 0.6666666667,
      "r": 0.2608695652,
      "f": 0.375
    },
    "csubj:pass": {
      "p": 0.0,
      "r": 0.0,
      "f": 0.0
    }
  },
  "tag_acc": 0.9669012824,
  "lemma_acc": 0.7645584265,
  "ents_p": 0.7558282209,
  "ents_r": 0.7298578199,
  "ents_f": 0.7426160338,
  "ents_per_type": {
    "PER": {
      "p": 0.8167202572,
      "r": 0.8314238953,
      "f": 0.8240064882
    },
    "PROD": {
      "p": 0.5238095238,
      "r": 0.4074074074,
      "f": 0.4583333333
    },
    "GPE_LOC": {
      "p": 0.7518518519,
      "r": 0.7837837838,
      "f": 0.7674858223
    },
    "ORG": {
      "p": 0.7865707434,
      "r": 0.8118811881,
      "f": 0.7990255786
    },
    "DRV": {
      "p": 0.7763157895,
      "r": 0.746835443,
      "f": 0.7612903226
    },
    "LOC": {
      "p": 0.6153846154,
      "r": 0.3669724771,
      "f": 0.4597701149
    },
    "GPE_ORG": {
      "p": 0.5217391304,
      "r": 0.4363636364,
      "f": 0.4752475248
    },
    "EVT": {
      "p": 0.5,
      "r": 0.4444444444,
      "f": 0.4705882353
    }
  },
  "speed": 9919.614599096
}