{
  "token_acc": 0.9999489666,
  "token_p": 0.9994896918,
  "token_r": 0.9995917117,
  "token_f": 0.9995406992,
  "tag_acc": 0.9335510871,
  "pos_acc": 0.9504950495,
  "morph_acc": 0.9411044197,
  "morph_micro_p": 0.959942903,
  "morph_micro_r": 0.9585746102,
  "morph_micro_f": 0.9592582687,
  "morph_per_feat": {
    "Case": {
      "p": 0.9753889675,
      "r": 0.9759411265,
      "f": 0.9756649689
    },
    "Definite": {
      "p": 0.9690023444,
      "r": 0.968497787,
      "f": 0.96875
    },
    "Gender": {
      "p": 0.9559471366,
      "r": 0.9596108491,
      "f": 0.9577754892
    },
    "Number": {
      "p": 0.946663359,
      "r": 0.9473684211,
      "f": 0.9470157588
    },
    "Mood": {
      "p": 0.9618644068,
      "r": 0.9628844115,
      "f": 0.9623741388
    },
    "Tense": {
      "p": 0.9451438849,
      "r": 0.9468468468,
      "f": 0.9459945995
    },
    "VerbForm": {
      "p": 0.9410288582,
      "r": 0.9416195857,
      "f": 0.9413241293
    },
    "Voice": {
      "p": 0.9654178674,
      "r": 0.9668109668,
      "f": 0.9661139149
    },
    "PronType": {
      "p": 0.9631301731,
      "r": 0.9509658247,
      "f": 0.9570093458
    },
    "Degree": {
      "p": 0.9638682253,
      "r": 0.9321685509,
      "f": 0.947753396
    },
    "Poss": {
      "p": 0.984375,
      "r": 0.984375,
      "f": 0.984375
    },
    "Polarity": {
      "p": 0.99,
      "r": 0.9705882353,
      "f": 0.9801980198
    },
    "NumType": {
      "p": 0.9821428571,
      "r": 0.9322033898,
      "f": 0.9565217391
    },
    "Abbr": {
      "p": 0.9375,
      "r": 0.9375,
      "f": 0.9375
    }
  },
  "sents_p": 0.9111531191,
  "sents_r": 0.9563492063,
  "sents_f": 0.9332042594,
  "dep_uas": 0.8164721876,
  "dep_las": 0.7645859295,
  "dep_las_per_type": {
    "nsubj": {
      "p": 0.7952443857,
      "r": 0.7838541667,
      "f": 0.7895081967
    },
    "root": {
      "p": 0.8128544423,
      "r": 0.8531746032,
      "f": 0.8325266215
    },
    "case": {
      "p": 0.8721973094,
      "r": 0.8781038375,
      "f": 0.8751406074
    },
    "det": {
      "p": 0.932,
      "r": 0.9119373777,
      "f": 0.921859545
    },
    "obl": {
      "p": 0.643115942,
      "r": 0.632798574,
      "f": 0.6379155436
    },
    "nsubj:pass": {
      "p": 0.7849462366,
      "r": 0.7525773196,
      "f": 0.7684210526
    },
    "acl:relcl": {
      "p": 0.6612903226,
      "r": 0.6165413534,
      "f": 0.6381322957
    },
    "advmod": {
      "p": 0.7311960543,
      "r": 0.7431077694,
      "f": 0.7371037912
    },
    "amod": {
      "p": 0.8876221498,
      "r": 0.8890701468,
      "f": 0.8883455583
    },
    "obl:agent": {
      "p": 0.6875,
      "r": 0.7333333333,
      "f": 0.7096774194
    },
    "aux": {
      "p": 0.9102564103,
      "r": 0.9220779221,
      "f": 0.9161290323
    },
    "nmod:poss": {
      "p": 0.9453125,
      "r": 0.9416342412,
      "f": 0.9434697856
    },
    "obj": {
      "p": 0.7629482072,
      "r": 0.811440678,
      "f": 0.7864476386
    },
    "nmod": {
      "p": 0.6257668712,
      "r": 0.643533123,
      "f": 0.634525661
    },
    "mark": {
      "p": 0.7979591837,
      "r": 0.806185567,
      "f": 0.8020512821
    },
    "advcl": {
      "p": 0.4807692308,
      "r": 0.5208333333,
      "f": 0.5
    },
    "cop": {
      "p": 0.8258426966,
      "r": 0.8546511628,
      "f": 0.84
    },
    "xcomp": {
      "p": 0.6044776119,
      "r": 0.5625,
      "f": 0.5827338129
    },
    "cc": {
      "p": 0.7844036697,
      "r": 0.7844036697,
      "f": 0.7844036697
    },
    "conj": {
      "p": 0.5957894737,
      "r": 0.5970464135,
      "f": 0.5964172813
    },
    "appos": {
      "p": 0.2105263158,
      "r": 0.2285714286,
      "f": 0.2191780822
    },
    "acl": {
      "p": 0.6233766234,
      "r": 0.4948453608,
      "f": 0.5517241379
    },
    "iobj": {
      "p": 0.8571428571,
      "r": 0.5714285714,
      "f": 0.6857142857
    },
    "compound:prt": {
      "p": 0.6666666667,
      "r": 0.7428571429,
      "f": 0.7027027027
    },
    "fixed": {
      "p": 0.8382352941,
      "r": 0.6333333333,
      "f": 0.7215189873
    },
    "parataxis": {
      "p": 0.4565217391,
      "r": 0.4117647059,
      "f": 0.4329896907
    },
    "expl": {
      "p": 0.5,
      "r": 0.6744186047,
      "f": 0.5742574257
    },
    "csubj": {
      "p": 0.32,
      "r": 0.2962962963,
      "f": 0.3076923077
    },
    "nummod": {
      "p": 0.7872340426,
      "r": 0.7551020408,
      "f": 0.7708333333
    },
    "ccomp": {
      "p": 0.64,
      "r": 0.6808510638,
      "f": 0.6597938144
    },
    "aux:pass": {
      "p": 1.0,
      "r": 0.1666666667,
      "f": 0.2857142857
    },
    "dislocated": {
      "p": 0.2727272727,
      "r": 0.1875,
      "f": 0.2222222222
    },
    "acl:cleft": {
      "p": 0.1818181818,
      "r": 0.1818181818,
      "f": 0.1818181818
    },
    "flat:name": {
      "p": 0.5714285714,
      "r": 0.3636363636,
      "f": 0.4444444444
    },
    "dep": {
      "p": 0.0,
      "r": 0.0,
      "f": 0.0
    },
    "csubj:pass": {
      "p": 0.0,
      "r": 0.0,
      "f": 0.0
    },
    "discourse": {
      "p": 0.0,
      "r": 0.0,
      "f": 0.0
    },
    "orphan": {
      "p": 0.0,
      "r": 0.0,
      "f": 0.0
    },
    "vocative": {
      "p": 0.0,
      "r": 0.0,
      "f": 0.0
    }
  },
  "lemma_acc": 0.946412167,
  "ents_p": 0.7916666667,
  "ents_r": 0.6934306569,
  "ents_f": 0.7392996109,
  "ents_per_type": {
    "PRS": {
      "p": 0.84,
      "r": 0.8248062016,
      "f": 0.8323337679
    },
    "ORG": {
      "p": 0.5921052632,
      "r": 0.5084745763,
      "f": 0.547112462
    },
    "LOC": {
      "p": 0.858365019,
      "r": 0.8551136364,
      "f": 0.8567362429
    },
    "TME": {
      "p": 0.5130434783,
      "r": 0.2209737828,
      "f": 0.3089005236
    },
    "MSR": {
      "p": 0.4615384615,
      "r": 0.1481481481,
      "f": 0.2242990654
    },
    "OBJ": {
      "p": 0.5454545455,
      "r": 0.3636363636,
      "f": 0.4363636364
    },
    "WRK": {
      "p": 0.4035087719,
      "r": 0.247311828,
      "f": 0.3066666667
    },
    "EVN": {
      "p": 0.6666666667,
      "r": 0.25,
      "f": 0.3636363636
    }
  },
  "speed": 11660.5318836674
}