{
  "tag_acc": 0.9744020087,
  "sents_p": 0.9387157498,
  "sents_r": 0.9509490341,
  "sents_f": 0.9347895787,
  "ents_p": 0.8324441352,
  "ents_r": 0.817100541,
  "ents_f": 0.8247009772,
  "ents_per_type": {
    "LOC": {
      "p": 0.8511961494,
      "r": 0.8555382589,
      "f": 0.8533616808
    },
    "PER": {
      "p": 0.8604854682,
      "r": 0.8831844183,
      "f": 0.8716871967
    },
    "ORG": {
      "p": 0.77281491,
      "r": 0.7230907998,
      "f": 0.7471264368
    },
    "MISC": {
      "p": 0.7870730353,
      "r": 0.70772208,
      "f": 0.7452913914
    }
  },
  "speed": 9881.1564149595,
  "token_acc": 0.9998017682,
  "token_p": 0.9991808044,
  "token_r": 0.9990356034,
  "token_f": 0.9991081986,
  "pos_acc": 0.9806131888,
  "morph_acc": 0.9081982595,
  "morph_micro_p": 0.9515477558,
  "morph_micro_r": 0.9522164083,
  "morph_micro_f": 0.9518819647,
  "morph_per_feat": {
    "Case": {
      "p": 0.9112857643,
      "r": 0.9135479345,
      "f": 0.9124154472
    },
    "Definite": {
      "p": 0.9962371722,
      "r": 0.9964644161,
      "f": 0.9963507812
    },
    "Gender": {
      "p": 0.9300324131,
      "r": 0.9393768345,
      "f": 0.9346812693
    },
    "Number": {
      "p": 0.9707086833,
      "r": 0.9718554552,
      "f": 0.9712817307
    },
    "PronType": {
      "p": 0.9925227568,
      "r": 0.990188924,
      "f": 0.9913544669
    },
    "Degree": {
      "p": 0.9754342867,
      "r": 0.9703264095,
      "f": 0.9728736437
    },
    "VerbForm": {
      "p": 0.955546011,
      "r": 0.955546011,
      "f": 0.955546011
    },
    "Mood": {
      "p": 0.9655403145,
      "r": 0.9570552147,
      "f": 0.9612790407
    },
    "Person": {
      "p": 0.9756470916,
      "r": 0.9683701657,
      "f": 0.971995009
    },
    "Tense": {
      "p": 0.9652567976,
      "r": 0.9567459657,
      "f": 0.9609825382
    },
    "Reflex": {
      "p": 1.0,
      "r": 0.9976303318,
      "f": 0.9988137604
    },
    "Poss": {
      "p": 0.9958847737,
      "r": 1.0,
      "f": 0.9979381443
    },
    "Foreign": {
      "p": 0.6216216216,
      "r": 0.1155778894,
      "f": 0.1949152542
    }
  },
  "dep_uas": 0.9201703713,
  "dep_las": 0.8991150974,
  "dep_las_per_type": {
    "cp": {
      "p": 0.9546279492,
      "r": 0.9616087751,
      "f": 0.9581056466
    },
    "nk": {
      "p": 0.9750719468,
      "r": 0.9796383776,
      "f": 0.9773498283
    },
    "sb": {
      "p": 0.9110338836,
      "r": 0.919663217,
      "f": 0.9153282123
    },
    "ag": {
      "p": 0.9457700651,
      "r": 0.9640685462,
      "f": 0.9548316452
    },
    "mnr": {
      "p": 0.7323190789,
      "r": 0.7486338798,
      "f": 0.740386614
    },
    "mo": {
      "p": 0.783454745,
      "r": 0.7941533482,
      "f": 0.7887677701
    },
    "oc": {
      "p": 0.9119478209,
      "r": 0.925948224,
      "f": 0.9188946975
    },
    "root": {
      "p": 0.96751886,
      "r": 0.9541227526,
      "f": 0.960774113
    },
    "rc": {
      "p": 0.6826484018,
      "r": 0.6704035874,
      "f": 0.6764705882
    },
    "op": {
      "p": 0.7065217391,
      "r": 0.5812220566,
      "f": 0.6377759608
    },
    "pm": {
      "p": 0.994269341,
      "r": 0.9971264368,
      "f": 0.9956958393
    },
    "nmc": {
      "p": 0.9811023622,
      "r": 0.9842022117,
      "f": 0.9826498423
    },
    "oa": {
      "p": 0.8542959817,
      "r": 0.8624670185,
      "f": 0.8583620548
    },
    "pd": {
      "p": 0.8279220779,
      "r": 0.75,
      "f": 0.787037037
    },
    "ep": {
      "p": 0.8666666667,
      "r": 0.8796992481,
      "f": 0.8731343284
    },
    "cd": {
      "p": 0.8670109748,
      "r": 0.8675710594,
      "f": 0.8672909267
    },
    "cj": {
      "p": 0.8425158459,
      "r": 0.8520710059,
      "f": 0.8472664869
    },
    "par": {
      "p": 0.4676258993,
      "r": 0.318627451,
      "f": 0.3790087464
    },
    "da": {
      "p": 0.7972027972,
      "r": 0.5801526718,
      "f": 0.6715758468
    },
    "dep": {
      "p": 0.0,
      "r": 0.0,
      "f": 0.0
    },
    "svp": {
      "p": 0.9520958084,
      "r": 0.9173076923,
      "f": 0.9343780607
    },
    "pg": {
      "p": 0.8390092879,
      "r": 0.8630573248,
      "f": 0.8508634223
    },
    "app": {
      "p": 0.653968254,
      "r": 0.6936026936,
      "f": 0.6732026144
    },
    "sbp": {
      "p": 0.85,
      "r": 0.7327586207,
      "f": 0.787037037
    },
    "ac": {
      "p": 0.9259259259,
      "r": 0.8547008547,
      "f": 0.8888888889
    },
    "pnc": {
      "p": 0.8209549072,
      "r": 0.8038961039,
      "f": 0.812335958
    },
    "ju": {
      "p": 0.93,
      "r": 0.9393939394,
      "f": 0.9346733668
    },
    "ng": {
      "p": 0.7931034483,
      "r": 0.795212766,
      "f": 0.7941567065
    },
    "re": {
      "p": 0.7310344828,
      "r": 0.630952381,
      "f": 0.6773162939
    },
    "cm": {
      "p": 0.8660287081,
      "r": 0.8701923077,
      "f": 0.8681055156
    },
    "cc": {
      "p": 0.7173913043,
      "r": 0.6633165829,
      "f": 0.6892950392
    },
    "uc": {
      "p": 0.6666666667,
      "r": 0.2,
      "f": 0.3076923077
    },
    "cvc": {
      "p": 0.8,
      "r": 0.5569620253,
      "f": 0.6567164179
    },
    "ams": {
      "p": 0.7101449275,
      "r": 0.7205882353,
      "f": 0.7153284672
    },
    "rs": {
      "p": 0.7692307692,
      "r": 0.3225806452,
      "f": 0.4545454545
    },
    "ph": {
      "p": 0.8,
      "r": 0.5714285714,
      "f": 0.6666666667
    },
    "dm": {
      "p": 0.0,
      "r": 0.0,
      "f": 0.0
    },
    "oa2": {
      "p": 0.0,
      "r": 0.0,
      "f": 0.0
    },
    "vo": {
      "p": 0.0,
      "r": 0.0,
      "f": 0.0
    },
    "og": {
      "p": 0.3333333333,
      "r": 0.2857142857,
      "f": 0.3076923077
    },
    "adc": {
      "p": 1.0,
      "r": 1.0,
      "f": 1.0
    }
  },
  "lemma_acc": 0.7342764075
}