{
  "token_acc": 0.9994249569,
  "token_p": 0.9727969349,
  "token_r": 0.9870598689,
  "token_f": 0.9798765024,
  "tag_acc": 0.9010995113,
  "pos_acc": 0.9664962774,
  "morph_acc": 0.9082224876,
  "morph_micro_p": 0.9482693597,
  "morph_micro_r": 0.9431512701,
  "morph_micro_f": 0.9457033903,
  "morph_per_feat": {
    "Case": {
      "p": 0.9151417465,
      "r": 0.912891327,
      "f": 0.9140151515
    },
    "Gender": {
      "p": 0.9411377114,
      "r": 0.9390751698,
      "f": 0.9401053093
    },
    "Number": {
      "p": 0.9582948884,
      "r": 0.9555616892,
      "f": 0.9569263371
    },
    "Mood": {
      "p": 0.976945245,
      "r": 0.97582038,
      "f": 0.9763824885
    },
    "Person": {
      "p": 0.9779147406,
      "r": 0.9714285714,
      "f": 0.9746608651
    },
    "Tense": {
      "p": 0.9789296249,
      "r": 0.9801687764,
      "f": 0.9795488088
    },
    "VerbForm": {
      "p": 0.9686639118,
      "r": 0.9656711294,
      "f": 0.9671652054
    },
    "Definite": {
      "p": 0.9547073791,
      "r": 0.9365951073,
      "f": 0.9455645161
    },
    "Degree": {
      "p": 0.9628024558,
      "r": 0.9548710602,
      "f": 0.9588203561
    },
    "PronType": {
      "p": 0.9832073887,
      "r": 0.9742096506,
      "f": 0.9786878395
    },
    "Reflex": {
      "p": 0.9900990099,
      "r": 1.0,
      "f": 0.9950248756
    },
    "Animacy": {
      "p": 0.8333333333,
      "r": 0.7326732673,
      "f": 0.779768177
    },
    "Polarity": {
      "p": 0.992481203,
      "r": 0.992481203,
      "f": 0.992481203
    },
    "Voice": {
      "p": 0.9459459459,
      "r": 0.9375,
      "f": 0.9417040359
    },
    "Poss": {
      "p": 0.9508196721,
      "r": 0.8446601942,
      "f": 0.8946015424
    },
    "NumType": {
      "p": 0.9530864198,
      "r": 0.965,
      "f": 0.9590062112
    },
    "Gender[psor]": {
      "p": 0.9666666667,
      "r": 0.9666666667,
      "f": 0.9666666667
    },
    "Number[psor]": {
      "p": 0.9871794872,
      "r": 0.9166666667,
      "f": 0.950617284
    }
  },
  "sents_p": 0.9423076923,
  "sents_r": 0.9400479616,
  "sents_f": 0.9411764706,
  "dep_uas": 0.8468673822,
  "dep_las": 0.7749240891,
  "dep_las_per_type": {
    "discourse": {
      "p": 0.5617283951,
      "r": 0.5055555556,
      "f": 0.5321637427
    },
    "case": {
      "p": 0.9401805869,
      "r": 0.9439093484,
      "f": 0.9420412779
    },
    "obl": {
      "p": 0.7178349601,
      "r": 0.7191111111,
      "f": 0.7184724689
    },
    "nsubj": {
      "p": 0.771123872,
      "r": 0.7755775578,
      "f": 0.7733443028
    },
    "root": {
      "p": 0.8689903846,
      "r": 0.8669064748,
      "f": 0.8679471789
    },
    "mark": {
      "p": 0.8403361345,
      "r": 0.8547008547,
      "f": 0.8474576271
    },
    "cop": {
      "p": 0.6308139535,
      "r": 0.6910828025,
      "f": 0.6595744681
    },
    "amod": {
      "p": 0.8869720405,
      "r": 0.893349311,
      "f": 0.8901492537
    },
    "expl:pv": {
      "p": 0.7233009709,
      "r": 0.8465909091,
      "f": 0.780104712
    },
    "acl": {
      "p": 0.6479750779,
      "r": 0.5994236311,
      "f": 0.622754491
    },
    "ccomp": {
      "p": 0.7692307692,
      "r": 0.8333333333,
      "f": 0.8
    },
    "cc": {
      "p": 0.8035190616,
      "r": 0.8340943683,
      "f": 0.8185212845
    },
    "advmod": {
      "p": 0.7285513361,
      "r": 0.7410586552,
      "f": 0.734751773
    },
    "conj": {
      "p": 0.5658362989,
      "r": 0.5910780669,
      "f": 0.5781818182
    },
    "advcl": {
      "p": 0.4339622642,
      "r": 0.4156626506,
      "f": 0.4246153846
    },
    "obj": {
      "p": 0.7556109726,
      "r": 0.7283653846,
      "f": 0.7417380661
    },
    "aux": {
      "p": 0.9164179104,
      "r": 0.8924418605,
      "f": 0.9042709867
    },
    "parataxis": {
      "p": 0.5329949239,
      "r": 0.5,
      "f": 0.515970516
    },
    "nmod": {
      "p": 0.755,
      "r": 0.7901162791,
      "f": 0.7721590909
    },
    "det": {
      "p": 0.8699690402,
      "r": 0.8289085546,
      "f": 0.8489425982
    },
    "advmod:emph": {
      "p": 0.0,
      "r": 0.0,
      "f": 0.0
    },
    "nsubj:pass": {
      "p": 0.3684210526,
      "r": 0.35,
      "f": 0.358974359
    },
    "appos": {
      "p": 0.6097560976,
      "r": 0.572519084,
      "f": 0.5905511811
    },
    "nummod": {
      "p": 0.8063380282,
      "r": 0.8035087719,
      "f": 0.8049209139
    },
    "aux:pass": {
      "p": 0.6022727273,
      "r": 0.630952381,
      "f": 0.6162790698
    },
    "flat": {
      "p": 0.7336244541,
      "r": 0.8115942029,
      "f": 0.7706422018
    },
    "compound": {
      "p": 0.479338843,
      "r": 0.3052631579,
      "f": 0.3729903537
    },
    "iobj": {
      "p": 0.425,
      "r": 0.2786885246,
      "f": 0.3366336634
    },
    "xcomp": {
      "p": 0.8076923077,
      "r": 0.8171206226,
      "f": 0.8123791103
    },
    "csubj": {
      "p": 0.5384615385,
      "r": 0.5185185185,
      "f": 0.5283018868
    },
    "goeswith": {
      "p": 0.0,
      "r": 0.0,
      "f": 0.0
    },
    "fixed": {
      "p": 0.5098039216,
      "r": 0.4905660377,
      "f": 0.5
    },
    "dep": {
      "p": 0.0,
      "r": 0.0,
      "f": 0.0
    },
    "csubj:pass": {
      "p": 1.0,
      "r": 0.25,
      "f": 0.4
    },
    "orphan": {
      "p": 0.3,
      "r": 0.1578947368,
      "f": 0.2068965517
    },
    "expl": {
      "p": 0.0,
      "r": 0.0,
      "f": 0.0
    },
    "flat:foreign": {
      "p": 0.6666666667,
      "r": 0.4,
      "f": 0.5
    },
    "list": {
      "p": 0.0,
      "r": 0.0,
      "f": 0.0
    },
    "vocative": {
      "p": 0.0,
      "r": 0.0,
      "f": 0.0
    }
  },
  "lemma_acc": 0.9187698249,
  "ents_p": 0.763016158,
  "ents_r": 0.7589285714,
  "ents_f": 0.7609668756,
  "ents_per_type": {
    "LOC": {
      "p": 0.8368421053,
      "r": 0.848,
      "f": 0.842384106
    },
    "DERIV_PER": {
      "p": 0.6153846154,
      "r": 0.4705882353,
      "f": 0.5333333333
    },
    "ORG": {
      "p": 0.6861111111,
      "r": 0.715942029,
      "f": 0.7007092199
    },
    "PER": {
      "p": 0.8184931507,
      "r": 0.8445229682,
      "f": 0.8313043478
    },
    "MISC": {
      "p": 0.5507246377,
      "r": 0.38,
      "f": 0.449704142
    }
  },
  "speed": 8900.8287549458
}