{
  "sents_p": 0.915904936,
  "sents_r": 0.9460263806,
  "sents_f": 0.923678499,
  "tag_acc": 0.8873037103,
  "ents_p": 0.8790783555,
  "ents_r": 0.8807391809,
  "ents_f": 0.8799079845,
  "ents_per_type": {
    "ORG": {
      "p": 0.0,
      "r": 0.0,
      "f": 0.0
    },
    "LOC": {
      "p": 0.0,
      "r": 0.0,
      "f": 0.0
    },
    "PER": {
      "p": 0.0,
      "r": 0.0,
      "f": 0.0
    },
    "MISC": {
      "p": 0.0,
      "r": 0.0,
      "f": 0.0
    }
  },
  "speed": 10768.0454090853,
  "token_acc": 1.0,
  "token_p": 0.9988117635,
  "token_r": 0.9995045581,
  "token_f": 0.9991580407,
  "pos_acc": 0.9614108089,
  "morph_acc": 0.9468522463,
  "morph_micro_p": 0.9743058433,
  "morph_micro_r": 0.9690849134,
  "morph_micro_f": 0.9716883654,
  "morph_per_feat": {
    "Mood": {
      "p": 0.9623786408,
      "r": 0.9588875453,
      "f": 0.9606299213
    },
    "Number": {
      "p": 0.9920062696,
      "r": 0.9856720137,
      "f": 0.9888289977
    },
    "Person": {
      "p": 0.9596602972,
      "r": 0.9647812166,
      "f": 0.9622139436
    },
    "Tense": {
      "p": 0.9133757962,
      "r": 0.9434210526,
      "f": 0.9281553398
    },
    "VerbForm": {
      "p": 0.962962963,
      "r": 0.9683042789,
      "f": 0.9656262347
    },
    "Gender": {
      "p": 0.960186444,
      "r": 0.9454962708,
      "f": 0.9527847369
    },
    "PronType": {
      "p": 0.9885476314,
      "r": 0.9813953488,
      "f": 0.9849585062
    },
    "Definite": {
      "p": 0.9959183673,
      "r": 0.9918699187,
      "f": 0.9938900204
    },
    "NumType": {
      "p": 0.9641693811,
      "r": 0.9704918033,
      "f": 0.9673202614
    },
    "Voice": {
      "p": 0.9166666667,
      "r": 0.8953488372,
      "f": 0.9058823529
    },
    "Polarity": {
      "p": 1.0,
      "r": 1.0,
      "f": 1.0
    },
    "Case": {
      "p": 0.900990099,
      "r": 0.9285714286,
      "f": 0.9145728643
    }
  },
  "dep_uas": 0.8871608778,
  "dep_las": 0.8455734117,
  "dep_las_per_type": {
    "cop": {
      "p": 0.8376623377,
      "r": 0.914893617,
      "f": 0.8745762712
    },
    "root": {
      "p": 0.9067641682,
      "r": 0.8857142857,
      "f": 0.8961156278
    },
    "det": {
      "p": 0.9604829857,
      "r": 0.9604829857,
      "f": 0.9604829857
    },
    "amod": {
      "p": 0.9088669951,
      "r": 0.9,
      "f": 0.9044117647
    },
    "nsubj": {
      "p": 0.8626086957,
      "r": 0.8656195462,
      "f": 0.8641114983
    },
    "case": {
      "p": 0.9744735163,
      "r": 0.9744735163,
      "f": 0.9744735163
    },
    "nmod": {
      "p": 0.7706806283,
      "r": 0.8195991091,
      "f": 0.7943874798
    },
    "flat:name": {
      "p": 0.8395904437,
      "r": 0.8945454545,
      "f": 0.8661971831
    },
    "acl": {
      "p": 0.6396396396,
      "r": 0.6120689655,
      "f": 0.6255506608
    },
    "advmod": {
      "p": 0.78125,
      "r": 0.78125,
      "f": 0.78125
    },
    "obl": {
      "p": 0.6631355932,
      "r": 0.6440329218,
      "f": 0.6534446764
    },
    "conj": {
      "p": 0.6162361624,
      "r": 0.6162361624,
      "f": 0.6162361624
    },
    "cc": {
      "p": 0.8841201717,
      "r": 0.8956521739,
      "f": 0.8898488121
    },
    "obj": {
      "p": 0.8475609756,
      "r": 0.8034682081,
      "f": 0.824925816
    },
    "obl:agent": {
      "p": 0.8125,
      "r": 0.8666666667,
      "f": 0.8387096774
    },
    "acl:relcl": {
      "p": 0.7307692308,
      "r": 0.7169811321,
      "f": 0.7238095238
    },
    "mark": {
      "p": 0.883248731,
      "r": 0.8130841121,
      "f": 0.8467153285
    },
    "advcl": {
      "p": 0.6030534351,
      "r": 0.7053571429,
      "f": 0.6502057613
    },
    "xcomp": {
      "p": 0.8166666667,
      "r": 0.784,
      "f": 0.8
    },
    "iobj": {
      "p": 0.4444444444,
      "r": 0.1818181818,
      "f": 0.2580645161
    },
    "appos": {
      "p": 0.5730994152,
      "r": 0.5975609756,
      "f": 0.5850746269
    },
    "fixed": {
      "p": 0.7708333333,
      "r": 0.6607142857,
      "f": 0.7115384615
    },
    "nummod": {
      "p": 0.961038961,
      "r": 0.9487179487,
      "f": 0.9548387097
    },
    "ccomp": {
      "p": 0.6428571429,
      "r": 0.6,
      "f": 0.6206896552
    },
    "aux": {
      "p": 0.9523809524,
      "r": 0.9677419355,
      "f": 0.96
    },
    "csubj": {
      "p": 0.3333333333,
      "r": 0.25,
      "f": 0.2857142857
    },
    "orphan": {
      "p": 0.0,
      "r": 0.0,
      "f": 0.0
    },
    "flat": {
      "p": 1.0,
      "r": 1.0,
      "f": 1.0
    },
    "aux:pass": {
      "p": 0.9848484848,
      "r": 0.9558823529,
      "f": 0.9701492537
    },
    "nsubj:pass": {
      "p": 0.9,
      "r": 0.8333333333,
      "f": 0.8653846154
    },
    "parataxis": {
      "p": 0.3442622951,
      "r": 0.2957746479,
      "f": 0.3181818182
    },
    "list": {
      "p": 0.0,
      "r": 0.0,
      "f": 0.0
    },
    "expl": {
      "p": 0.8181818182,
      "r": 0.9473684211,
      "f": 0.8780487805
    },
    "dep": {
      "p": 0.0,
      "r": 0.0,
      "f": 0.0
    },
    "compound": {
      "p": 1.0,
      "r": 0.8,
      "f": 0.8888888889
    },
    "vocative": {
      "p": 0.0,
      "r": 0.0,
      "f": 0.0
    },
    "discourse": {
      "p": 0.0,
      "r": 0.0,
      "f": 0.0
    },
    "expl:pass": {
      "p": 0.0,
      "r": 0.0,
      "f": 0.0
    },
    "flat:foreign": {
      "p": 0.0,
      "r": 0.0,
      "f": 0.0
    }
  },
  "lemma_acc": 0.7672725472
}