{
  "token_acc": 1.0,
  "token_p": 1.0,
  "token_r": 1.0,
  "token_f": 1.0,
  "tag_acc": 0.7320951759,
  "pos_acc": 0.860041932,
  "sents_p": 1.0,
  "sents_r": 1.0,
  "sents_f": 1.0,
  "dep_uas": 0.7420346687,
  "dep_las": 0.6614531114,
  "dep_las_per_type": {
    "amod": {
      "p": 0.7620320856,
      "r": 0.7486865149,
      "f": 0.7553003534
    },
    "dislocated": {
      "p": 0.561827957,
      "r": 0.5435630689,
      "f": 0.5525446134
    },
    "root": {
      "p": 0.8146176186,
      "r": 0.8146176186,
      "f": 0.8146176186
    },
    "nmod": {
      "p": 0.626799557,
      "r": 0.671810089,
      "f": 0.648524778
    },
    "nsubj": {
      "p": 0.5777604977,
      "r": 0.5925039872,
      "f": 0.5850393701
    },
    "advmod": {
      "p": 0.6664056382,
      "r": 0.6679748823,
      "f": 0.6671893375
    },
    "dep": {
      "p": 0.5165562914,
      "r": 0.4309392265,
      "f": 0.4698795181
    },
    "conj": {
      "p": 0.4520123839,
      "r": 0.4679487179,
      "f": 0.4598425197
    },
    "xcomp": {
      "p": 0.5681818182,
      "r": 0.5154639175,
      "f": 0.5405405405
    },
    "flat": {
      "p": 0.7142857143,
      "r": 0.0934579439,
      "f": 0.1652892562
    },
    "obj": {
      "p": 0.6926293779,
      "r": 0.7119828049,
      "f": 0.702172761
    },
    "acl": {
      "p": 0.6581818182,
      "r": 0.6514697061,
      "f": 0.654808562
    },
    "advcl": {
      "p": 0.5576005453,
      "r": 0.55532926,
      "f": 0.556462585
    },
    "det": {
      "p": 0.7516339869,
      "r": 0.8646616541,
      "f": 0.8041958042
    },
    "compound": {
      "p": 0.6823679185,
      "r": 0.6544566545,
      "f": 0.6681209099
    },
    "ccomp": {
      "p": 0.5081833061,
      "r": 0.5153526971,
      "f": 0.5117428925
    },
    "obl": {
      "p": 0.6657381616,
      "r": 0.6521145975,
      "f": 0.6588559614
    },
    "aux": {
      "p": 0.8905817175,
      "r": 0.9018232819,
      "f": 0.8961672474
    },
    "cc": {
      "p": 0.807073955,
      "r": 0.8311258278,
      "f": 0.8189233279
    },
    "nummod": {
      "p": 0.875,
      "r": 0.8429319372,
      "f": 0.8586666667
    },
    "discourse": {
      "p": 0.0,
      "r": 0.0,
      "f": 0.0
    },
    "fixed": {
      "p": 0.9596774194,
      "r": 0.9958158996,
      "f": 0.977412731
    },
    "csubj": {
      "p": 0.5471698113,
      "r": 0.5272727273,
      "f": 0.537037037
    },
    "mark": {
      "p": 0.6666666667,
      "r": 0.5538461538,
      "f": 0.6050420168
    },
    "iobj": {
      "p": 0.6666666667,
      "r": 0.5070422535,
      "f": 0.576
    },
    "case": {
      "p": 0.8529411765,
      "r": 0.8529411765,
      "f": 0.8529411765
    },
    "cop": {
      "p": 0.7647058824,
      "r": 0.8666666667,
      "f": 0.8125
    },
    "vocative": {
      "p": 0.0,
      "r": 0.0,
      "f": 0.0
    },
    "appos": {
      "p": 0.6428571429,
      "r": 0.6428571429,
      "f": 0.6428571429
    }
  },
  "lemma_acc": 0.8340354833,
  "speed": 12550.4676822577,
  "ents_p": 0.7701563395,
  "ents_r": 0.6647121159,
  "ents_f": 0.7135598362,
  "ents_per_type": {
    "OG": {
      "p": 0.6808894231,
      "r": 0.5252665739,
      "f": 0.5930384716
    },
    "PS": {
      "p": 0.7770642202,
      "r": 0.5773687798,
      "f": 0.6624951115
    },
    "QT": {
      "p": 0.8434484905,
      "r": 0.868868227,
      "f": 0.8559696778
    },
    "LC": {
      "p": 0.5856847901,
      "r": 0.5233702337,
      "f": 0.5527768756
    },
    "DT": {
      "p": 0.8166589111,
      "r": 0.7607282185,
      "f": 0.7877019749
    },
    "TI": {
      "p": 0.8952991453,
      "r": 0.7688073394,
      "f": 0.8272458045
    }
  }
}